playerRanking,gamesPlayed,gamesStarted,minutesPlayed,pointsScored,twoPointersMade,twoPointersAttempted,twoPointersPercentage,threePointersMade,threePointersAttempted,threePointersPercentage,freeThrowsMade,freeThrowsAttempted,freeThrowsPercentage,offensiveRebounds,defensiveRebounds,totalRebounds,assists,steals,turnovers,blocks,blocksAgainst,foulsCommited,foulsDrawn,pir,player_code,player_name,player_age,player_imageUrl,player_team_code,player_team_tvCodes,player_team_name,player_team_imageUrl,season,competition,mode
1,11.0,2.0,11.531818181818181,2.0,0.2,0.7,25%,0.5,1.7,31.6%,0.0,0.2,0%,0.4,1.0,1.4,0.6,0.3,0.5,0.0,0.2,2.1,0.5,0.1,006482,"KRAMER, DAVID",28,https://media-cdn.cortextech.io/b6d2f733-3fda-4c65-a49b-aeee571c65c7.png,MAD,RMB,Real Madrid,https://media-cdn.incrowdsports.com/371b0d9b-9250-4c09-bda7-0686cf024657.png,2025,E,perGame
2,14.0,7.0,4.733333333333333,0.4,0.2,0.4,60%,0.0,0.2,0%,0.0,0.0,0%,0.1,0.3,0.4,0.4,0.1,0.1,0.0,0.0,0.9,0.1,0.1,010035,"VILLAR, RAFA",21,https://media-cdn.cortextech.io/9da0749d-0abb-42d9-8d0e-b9f7afc59f10.png,BAS,KBA,Baskonia Vitoria-Gasteiz,https://media-cdn.cortextech.io/cbc49cb0-99ce-4462-bdb7-56983ee03cf4.png,2025,E,perGame
3,17.0,0.0,10.276470588235293,2.3,0.7,2.1,34.3%,0.1,0.8,15.4%,0.5,0.9,60%,0.3,0.6,0.9,0.5,0.4,1.2,0.0,0.4,0.9,0.9,0.2,011201,"HAZER, SEHMUS",26,https://media-cdn.cortextech.io/4ddb1fa4-97c7-4e34-9d0b-eaf23f9bf632.png,IST,EFS,Anadolu Efes Istanbul,https://media-cdn.cortextech.io/9a463aa2-ceb2-481c-9a95-1cddee0a248e.png,2025,E,perGame
4,12.0,0.0,10.755555555555555,3.2,0.6,2.5,23.3%,0.3,2.0,16.7%,1.1,1.2,86.7%,0.3,0.7,1.0,0.7,0.8,0.7,0.1,0.6,1.5,1.0,0.2,009556,"NGOUAMA, MEHDY",30,https://media-cdn.cortextech.io/23e384f0-ca76-43ef-86d4-38710856c294.png,ASV,ASV,LDLC ASVEL Villeurbanne,https://media-cdn.incrowdsports.com/e33c6d1a-95ca-4dbc-b8cb-0201812104cc.png,2025,E,perGame
5,16.0,0.0,4.221875,1.6,0.1,0.6,22.2%,0.4,0.9,42.9%,0.2,0.2,100%,0.1,0.5,0.6,0.2,0.1,0.2,0.0,0.2,0.8,0.2,0.6,009299,"RUBSTAVICIUS, MANTAS",23,https://media-cdn.cortextech.io/a93cf565-afb7-4791-8314-3c1e4b5b2cd8.png,ZAL,ZAL,Zalgiris Kaunas,https://media-cdn.incrowdsports.com/0aa09358-3847-4c4e-b228-3582ee4e536d.png,2025,E,perGame
6,12.0,1.0,11.008333333333333,1.6,0.1,1.0,8.3%,0.3,2.5,13.3%,0.4,0.5,83.3%,0.5,0.8,1.2,1.4,0.8,0.6,0.1,0.2,1.2,1.2,1.0,012268,"ATAMNA, ADAM",18,https://media-cdn.cortextech.io/c2ae0573-091b-4682-8a19-806b6fdc655f.png,ASV,ASV,LDLC ASVEL Villeurbanne,https://media-cdn.incrowdsports.com/e33c6d1a-95ca-4dbc-b8cb-0201812104cc.png,2025,E,perGame
7,18.0,0.0,10.523148148148147,2.4,0.4,1.1,40%,0.3,1.6,21.4%,0.5,0.8,64.3%,0.1,0.8,0.9,1.1,0.1,0.3,0.0,0.1,1.2,0.7,1.4,TGB,"LLULL, SERGIO",38,https://media-cdn.cortextech.io/38500d8f-02b6-40a7-a6b7-c9fb901a0f6e.png,MAD,RMB,Real Madrid,https://media-cdn.incrowdsports.com/371b0d9b-9250-4c09-bda7-0686cf024657.png,2025,E,perGame
8,17.0,0.0,8.742156862745098,2.2,0.3,0.8,35.7%,0.5,1.5,34.6%,0.0,0.0,0%,0.3,0.6,0.9,1.2,0.4,0.8,0.0,0.1,1.0,0.2,1.5,009948,"MARCOS, JUANI",25,https://media-cdn.cortextech.io/4f6fd77e-968f-4eed-aefe-0e9828fafbd5.png,BAR,BAR,FC Barcelona,https://media-cdn.incrowdsports.com/35dfa503-e417-481f-963a-bdf6f013763e.png,2025,E,perGame
9,13.0,0.0,11.803846153846154,3.3,0.5,1.8,26.1%,0.5,2.3,20%,1.0,1.1,92.9%,0.2,0.8,0.9,2.5,0.3,1.4,0.0,0.2,1.6,0.9,1.6,012044,"DOS SANTOS, YAGO",26,https://media-cdn.cortextech.io/e0f72d56-5553-431c-8cb8-b5db06684356.png,RED,CZV,Crvena Zvezda Meridianbet Belgrade,https://media-cdn.incrowdsports.com/d2eef4a8-62df-4fdd-9076-276004268515.png,2025,E,perGame
9,13.0,2.0,5.911538461538461,1.3,0.4,0.5,83.3%,0.2,0.7,22.2%,0.1,0.2,33.3%,0.1,0.8,0.8,0.5,0.5,0.2,0.0,0.0,0.9,0.4,1.6,011209,"KALAITZAKIS, PANAGIOTIS",26,https://media-cdn.cortextech.io/370cc8f6-6da8-4a99-bf1c-d0390cf2f6fd.png,PAN,PAO,Panathinaikos AKTOR Athens,https://media-cdn.incrowdsports.com/e3dff28a-9ec6-4faf-9d96-ecbc68f75780.png,2025,E,perGame
11,11.0,0.0,6.877272727272728,1.4,0.4,1.1,33.3%,0.0,0.4,0%,0.6,0.6,100%,0.5,1.2,1.7,0.1,0.2,0.3,0.0,0.1,0.9,0.7,1.7,003091,"BIRSEN, METECAN",30,https://media-cdn.cortextech.io/b901a276-9bce-4d94-9dba-3ed59eb7e670.png,ULK,FBB,Fenerbahce Beko Istanbul,https://media-cdn.cortextech.io/3b7f020e-5b39-49a1-b4b2-efea918edab7.png,2025,E,perGame
11,11.0,5.0,14.816666666666665,2.2,0.2,1.2,15.4%,0.4,1.3,28.6%,0.7,0.7,100%,0.4,1.0,1.4,1.3,1.0,0.5,0.0,0.3,2.1,0.7,1.7,009513,"HOLLATZ, JUSTUS",24,https://media-cdn.cortextech.io/856be213-1e5f-4601-8d9e-0e442dae1ed5.png,MUN,BAY,FC Bayern Munich,https://media-cdn.incrowdsports.com/817b0e58-d595-4b09-ab0b-1e7cc26249ff.png,2025,E,perGame
13,12.0,0.0,9.008333333333333,2.3,0.6,0.8,77.8%,0.3,1.0,33.3%,0.2,0.2,100%,0.1,1.0,1.1,0.3,0.2,0.2,0.3,0.0,1.9,0.3,1.8,007929,"BITIM, ONURALP",26,https://media-cdn.cortextech.io/e53d7478-8e6d-4ea5-bdef-d47b61d98e5e.png,ULK,FBB,Fenerbahce Beko Istanbul,https://media-cdn.cortextech.io/3b7f020e-5b39-49a1-b4b2-efea918edab7.png,2025,E,perGame
14,13.0,3.0,6.726923076923077,1.4,0.4,0.5,83.3%,0.0,0.3,0%,0.6,0.9,66.7%,0.5,1.0,1.5,0.2,0.6,0.5,0.0,0.0,1.5,0.8,1.8,006372,"YILMAZ, ERKAN",28,https://media-cdn.cortextech.io/e977e837-fa39-4c82-bc35-7053d75b6c18.png,IST,EFS,Anadolu Efes Istanbul,https://media-cdn.cortextech.io/9a463aa2-ceb2-481c-9a95-1cddee0a248e.png,2025,E,perGame
15,11.0,1.0,7.509090909090909,2.5,0.1,0.5,20%,0.7,1.5,47.1%,0.1,0.1,100%,0.0,0.5,0.5,1.5,0.2,0.9,0.0,0.1,0.7,0.3,1.9,014004,"TAYLOR, BRANDON",31,https://media-cdn.cortextech.io/a1e7d29a-9f61-49db-a8ca-5eb372aeaeaa.png,VIR,VIR,Virtus Bologna,https://media-cdn.cortextech.io/1362801d-dd09-4fd0-932d-ead56063ab77.png,2025,E,perGame
16,16.0,11.0,16.576041666666665,5.5,0.8,2.1,35.3%,1.1,3.8,28.3%,0.8,1.0,81.2%,0.6,0.8,1.3,0.6,0.4,0.6,0.0,0.1,1.7,0.9,2.0,010316,"AJINCA, MELVIN",21,https://media-cdn.cortextech.io/95228ab6-9d8d-4d35-a796-1734d65e28fb.png,ASV,ASV,LDLC ASVEL Villeurbanne,https://media-cdn.incrowdsports.com/e33c6d1a-95ca-4dbc-b8cb-0201812104cc.png,2025,E,perGame
17,19.0,0.0,6.980701754385964,1.5,0.3,0.4,62.5%,0.3,0.5,55.6%,0.2,0.3,66.7%,0.5,0.9,1.4,0.3,0.3,0.1,0.2,0.0,1.1,0.3,2.4,012515,"TARPEY, TERRY",31,https://media-cdn.cortextech.io/fe28df16-a99d-4da3-b71b-26bfa79b80eb.png,MCO,ASM,AS Monaco,https://media-cdn.incrowdsports.com/89ed276a-2ba3-413f-8ea2-b3be209ca129.png,2025,E,perGame
18,13.0,6.0,11.216666666666667,4.0,1.1,1.9,56%,0.6,1.6,38.1%,0.0,0.0,0%,0.4,1.5,1.8,0.4,0.3,0.7,0.5,0.1,1.8,0.1,2.7,008232,"POKUSEVSKI, ALEKSEJ",24,https://media-cdn.cortextech.io/48c507e4-5d3d-45fa-8178-80cfacc0fdcc.png,PAR,PAR,Partizan Mozzart Bet Belgrade,https://media-cdn.incrowdsports.com/2681304e-77dd-4331-88b1-683078c0fb49.png,2025,E,perGame
19,15.0,2.0,11.18888888888889,3.5,1.0,2.0,50%,0.3,0.6,44.4%,0.7,0.9,78.6%,0.8,1.3,2.1,0.7,0.2,1.1,0.3,0.5,2.0,1.0,2.7,014015,"BACOT JR., ARMANDO",25,https://media-cdn.cortextech.io/b0477ee7-8ebb-4140-b641-fa3e33f99abd.png,ULK,FBB,Fenerbahce Beko Istanbul,https://media-cdn.cortextech.io/3b7f020e-5b39-49a1-b4b2-efea918edab7.png,2025,E,perGame
20,21.0,1.0,10.112698412698412,2.9,0.4,0.9,50%,0.3,0.8,43.8%,1.0,1.5,65.6%,0.7,1.3,2.0,0.0,0.2,0.2,0.0,0.2,2.2,1.7,2.8,013381,"RAYMAN, WILLIAM",28,https://media-cdn.cortextech.io/ba0729de-ec3b-4e13-9479-f176f0c893fd.png,TEL,MTA,Maccabi Rapyd Tel Aviv,https://media-cdn.cortextech.io/1b533342-78f5-4932-b714-a7d80b5826b5.png,2025,E,perGame
21,13.0,3.0,12.244871794871795,4.2,0.8,2.2,37.9%,0.8,2.0,38.5%,0.2,0.4,60%,0.0,0.5,0.5,2.2,0.0,1.3,0.0,0.1,1.3,1.4,2.8,011064,"MANNION, NICCOLO",24,https://media-cdn.cortextech.io/048cb7be-4aed-42bc-8d85-ad6b8ad271da.png,MIL,EA7,EA7 Emporio Armani Milan,https://media-cdn.cortextech.io/9512ee73-a0f1-4647-a01e-3c2938aba6b8.png,2025,E,perGame
22,19.0,1.0,15.464035087719298,4.6,2.0,3.5,56.7%,0.1,0.4,14.3%,0.4,1.2,34.8%,1.1,1.4,2.5,0.5,0.6,1.6,0.6,0.5,2.9,1.6,2.9,013383,"GABRIEL, WENYEN",28,https://media-cdn.cortextech.io/b2a934ec-11e0-4328-b9e4-2fefc29b4578.png,MUN,BAY,FC Bayern Munich,https://media-cdn.incrowdsports.com/817b0e58-d595-4b09-ab0b-1e7cc26249ff.png,2025,E,perGame
23,12.0,0.0,9.958333333333334,2.9,1.2,2.1,56%,0.1,0.7,12.5%,0.3,0.8,44.4%,0.2,1.8,2.1,0.8,0.4,0.5,0.1,0.1,1.5,0.7,2.9,010550,"GINAT, TOMER",31,https://media-cdn.cortextech.io/64a9bf27-99df-4fde-95e8-a2e6b3281a07.png,HTA,HTA,Hapoel Tel Aviv,https://media-cdn.incrowdsports.com/cbb1c3ad-03d5-426a-b5ef-2832a4eee484.png,2025,E,perGame
24,13.0,3.0,17.132051282051282,5.5,1.3,2.9,44.7%,0.7,1.8,37.5%,0.8,1.0,76.9%,0.5,0.3,0.8,1.6,0.5,1.4,0.5,0.2,2.9,1.5,2.9,006591,"NTILIKINA, FRANK",27,https://media-cdn.cortextech.io/fc66f2ff-ec65-46a3-9321-f451825c4990.png,OLY;PAR,OLY;PAR,Olympiacos Piraeus;Partizan Mozzart Bet Belgrade,https://media-cdn.incrowdsports.com/789423ac-3cdf-4b89-b11c-b458aa5f59a6.png;https://media-cdn.incrowdsports.com/2681304e-77dd-4331-88b1-683078c0fb49.png,2025,E,perGame
25,19.0,12.0,15.950000000000001,5.1,1.2,3.7,32.9%,0.7,2.1,32.5%,0.6,0.7,85.7%,0.6,1.5,2.1,0.8,0.3,0.4,0.0,0.2,1.5,0.8,3.0,011983,"BRAZDEIKIS, IGNAS",26,https://media-cdn.cortextech.io/32aea757-dc80-4848-82f4-525b77e0eb0d.png,ZAL,ZAL,Zalgiris Kaunas,https://media-cdn.incrowdsports.com/0aa09358-3847-4c4e-b228-3582ee4e536d.png,2025,E,perGame
26,17.0,6.0,13.739215686274509,3.5,0.4,0.4,85.7%,0.9,2.6,34.1%,0.1,0.4,33.3%,0.3,1.4,1.7,1.8,0.3,1.1,0.1,0.1,1.5,0.5,3.1,001255,"PAPANIKOLAOU, KOSTAS",35,https://media-cdn.cortextech.io/92915bcc-f8c5-44d0-87c0-6fed89e69b69.png,OLY,OLY,Olympiacos Piraeus,https://media-cdn.incrowdsports.com/789423ac-3cdf-4b89-b11c-b458aa5f59a6.png,2025,E,perGame
27,13.0,0.0,11.148717948717948,4.1,1.0,1.8,56.5%,0.5,1.5,35%,0.5,0.5,100%,0.7,1.0,1.7,0.2,0.5,0.5,0.1,0.0,1.5,0.4,3.2,014016,"BOSTON JR., BRANDON",24,https://media-cdn.cortextech.io/e0c8086d-9ea8-43da-8292-7fc4c3889762.png,ULK,FBB,Fenerbahce Beko Istanbul,https://media-cdn.cortextech.io/3b7f020e-5b39-49a1-b4b2-efea918edab7.png,2025,E,perGame
28,17.0,0.0,13.81764705882353,4.4,0.8,1.6,51.9%,0.6,1.9,31.2%,0.9,1.1,88.9%,0.8,0.6,1.4,0.8,0.5,0.8,0.1,0.1,1.6,0.8,3.2,001557,"GIFFEY, NIELS",34,https://media-cdn.cortextech.io/4238ce12-6d72-4f5a-83dd-fc4a970e13b9.png,MUN,BAY,FC Bayern Munich,https://media-cdn.incrowdsports.com/817b0e58-d595-4b09-ab0b-1e7cc26249ff.png,2025,E,perGame
29,21.0,11.0,17.786507936507935,3.4,0.9,1.6,57.6%,0.4,1.4,27.6%,0.4,0.7,64.3%,0.9,0.9,1.8,0.7,0.4,0.2,0.1,0.1,1.5,0.6,3.2,003527,"ABASS, AWUDU",32,https://media-cdn.cortextech.io/433a611c-9dd9-46d0-8891-5655af2e1e37.png,DUB,DUB,Dubai Basketball,https://media-cdn.incrowdsports.com/1efae090-16e2-4963-ae47-4b94f249c244.png,2025,E,perGame
30,16.0,5.0,16.089583333333334,3.5,0.3,0.6,55.6%,0.6,2.2,27.8%,1.0,1.2,80%,0.1,1.0,1.1,2.2,0.5,0.9,0.0,0.0,2.8,1.7,3.2,002661,"PREPELIC, KLEMEN",33,https://media-cdn.cortextech.io/71f285f4-996e-4f5c-b2e7-0b0a871e660b.png,DUB,DUB,Dubai Basketball,https://media-cdn.incrowdsports.com/1efae090-16e2-4963-ae47-4b94f249c244.png,2025,E,perGame
31,18.0,6.0,10.29814814814815,3.9,0.6,0.9,58.8%,0.9,2.2,40%,0.2,0.2,100%,0.6,1.4,2.0,0.3,0.5,0.4,0.2,0.1,1.4,0.1,3.4,014134,"NORRIS, MILES",25,https://media-cdn.cortextech.io/c38aeb22-ae60-4685-a8a4-65462937f136.png,BAR,BAR,FC Barcelona,https://media-cdn.incrowdsports.com/35dfa503-e417-481f-963a-bdf6f013763e.png,2025,E,perGame
31,18.0,3.0,8.751851851851852,5.0,0.5,0.7,69.2%,1.1,2.5,42.2%,0.8,0.8,100%,0.1,0.8,0.9,0.2,0.2,0.3,0.0,0.1,1.4,0.5,3.4,014025,"SWIDER, COLE",26,https://media-cdn.cortextech.io/56eccbef-38b7-4f73-be3d-d85cd69b5074.png,IST,EFS,Anadolu Efes Istanbul,https://media-cdn.cortextech.io/9a463aa2-ceb2-481c-9a95-1cddee0a248e.png,2025,E,perGame
33,20.0,18.0,15.198333333333332,3.7,1.4,2.4,59.2%,0.0,0.0,0%,0.8,1.2,64%,1.2,2.0,3.3,0.5,0.2,0.9,0.2,0.1,3.2,1.2,3.5,007182,"BIRCH, KHEM",33,https://media-cdn.cortextech.io/07341c6e-b835-4434-bf94-87314dea546b.png,ULK,FBB,Fenerbahce Beko Istanbul,https://media-cdn.cortextech.io/3b7f020e-5b39-49a1-b4b2-efea918edab7.png,2025,E,perGame
34,21.0,5.0,16.504761904761907,3.3,0.7,1.4,46.7%,0.5,1.7,30.6%,0.4,0.5,81.8%,1.1,1.2,2.4,0.8,0.5,0.3,0.2,0.1,2.1,1.0,3.5,013269,"CALE, MYLES",26,https://media-cdn.cortextech.io/6e507052-0ca4-4ca4-8148-256d2ebd97fc.png,BAR,BAR,FC Barcelona,https://media-cdn.incrowdsports.com/35dfa503-e417-481f-963a-bdf6f013763e.png,2025,E,perGame
35,19.0,7.0,12.106140350877194,3.6,1.4,2.9,48.2%,0.0,0.0,0%,0.7,1.6,45.2%,1.4,1.4,2.8,0.4,0.3,0.8,0.3,0.3,1.9,1.5,3.5,010545,"SAKO, NEAL",27,https://media-cdn.cortextech.io/78789f26-e267-40eb-94ad-d646e026f6f9.png,PAM,VBC,Valencia Basket,https://media-cdn.cortextech.io/d88f3c71-1519-4b19-8cfb-99e26a4c008e.png,2025,E,perGame
36,19.0,2.0,15.32017543859649,2.7,0.8,1.4,61.5%,0.2,0.6,36.4%,0.4,0.6,72.7%,0.9,1.4,2.3,0.5,0.4,0.3,0.1,0.0,1.8,0.8,3.6,007960,"DAVIDOVAC, DEJAN",30,https://media-cdn.cortextech.io/1f3790c6-a754-4e43-b322-9c50695d71d5.png,RED,CZV,Crvena Zvezda Meridianbet Belgrade,https://media-cdn.incrowdsports.com/d2eef4a8-62df-4fdd-9076-276004268515.png,2025,E,perGame
37,14.0,0.0,6.671428571428572,2.9,1.3,1.6,78.3%,0.0,0.0,0%,0.3,0.6,50%,0.6,1.1,1.8,0.5,0.1,0.3,0.3,0.0,1.6,0.7,3.7,014108,"DIARRA, ALIOU",24,https://media-cdn.cortextech.io/799ab5da-55d8-4563-b1c0-8b93f3632d84.png,VIR,VIR,Virtus Bologna,https://media-cdn.cortextech.io/1362801d-dd09-4fd0-932d-ead56063ab77.png,2025,E,perGame
38,17.0,5.0,11.390196078431373,4.8,1.2,1.9,62.5%,0.6,2.2,27%,0.6,0.8,84.6%,0.8,1.2,2.0,0.2,0.3,0.3,0.1,0.2,1.2,0.7,3.9,011085,"ROGKAVOPOULOS, NIKOLAOS",24,https://media-cdn.cortextech.io/bed3d164-4b15-4bcf-a8b3-4a10ab5b3872.png,PAN,PAO,Panathinaikos AKTOR Athens,https://media-cdn.incrowdsports.com/e3dff28a-9ec6-4faf-9d96-ecbc68f75780.png,2025,E,perGame
39,11.0,0.0,13.816666666666665,3.5,1.3,2.5,51.9%,0.1,0.6,14.3%,0.7,1.5,47.1%,1.0,1.7,2.7,1.1,1.0,1.1,0.5,0.1,2.6,1.4,3.9,014168,"KEY, BRAXTON",28,https://media-cdn.cortextech.io/88b953f4-530b-4ccb-8032-d25471bdc2b4.png,PAM,VBC,Valencia Basket,https://media-cdn.cortextech.io/d88f3c71-1519-4b19-8cfb-99e26a4c008e.png,2025,E,perGame
40,14.0,3.0,18.541666666666664,3.5,1.1,2.3,46.9%,0.4,1.7,25%,0.1,0.4,20%,0.2,2.2,2.4,3.1,0.9,1.6,0.0,0.1,2.6,1.0,3.9,001932,"CALATHES, NICK",36,https://media-cdn.cortextech.io/485a2561-f9f3-4ba8-b5b8-1631294c4c99.png,MCO;PAR,ASM;PAR,AS Monaco;Partizan Mozzart Bet Belgrade,https://media-cdn.incrowdsports.com/89ed276a-2ba3-413f-8ea2-b3be209ca129.png;https://media-cdn.incrowdsports.com/2681304e-77dd-4331-88b1-683078c0fb49.png,2025,E,perGame
41,19.0,0.0,12.253508771929825,2.7,0.9,1.7,51.5%,0.2,0.5,40%,0.3,0.4,71.4%,0.9,1.9,2.9,0.7,0.5,0.4,0.1,0.3,1.5,0.6,4.0,013373,"CAVALIERE, LEOPOLD",29,https://media-cdn.cortextech.io/1c8b9667-d931-4ace-ac5e-792f58d25cf4.png,PRS,PBB,Paris Basketball,https://media-cdn.incrowdsports.com/a033e5b3-0de7-48a3-98d9-d9a4b9df1f39.png,2025,E,perGame
41,17.0,9.0,20.449019607843137,5.5,0.8,1.6,50%,1.1,3.4,31.6%,0.7,0.9,75%,0.4,1.2,1.6,0.8,0.5,0.5,0.1,0.0,1.6,1.1,4.0,004761,"MARINKOVIC, VANJA",28,https://media-cdn.cortextech.io/ac54fafe-cc49-4d7d-b908-d18b7ddc38b3.png,PAR,PAR,Partizan Mozzart Bet Belgrade,https://media-cdn.incrowdsports.com/2681304e-77dd-4331-88b1-683078c0fb49.png,2025,E,perGame
43,21.0,0.0,13.376190476190475,2.2,0.3,0.7,40%,0.4,1.1,33.3%,0.5,0.5,90.9%,0.5,1.6,2.1,1.2,0.5,0.6,0.0,0.0,1.1,1.1,4.1,001844,"HACKETT, DANIEL",38,https://media-cdn.cortextech.io/923cef2e-6352-41a8-8db1-791d21db3100.png,VIR,VIR,Virtus Bologna,https://media-cdn.cortextech.io/1362801d-dd09-4fd0-932d-ead56063ab77.png,2025,E,perGame
44,19.0,9.0,18.316666666666666,4.3,0.9,1.8,50%,0.7,1.9,36.1%,0.5,0.6,75%,0.9,1.2,2.1,1.2,0.3,0.7,0.1,0.1,1.7,1.1,4.2,003526,"LIGHTY, DAVID",37,https://media-cdn.cortextech.io/6eb519a5-da37-4b4b-bc03-467432aa3c8b.png,ASV,ASV,LDLC ASVEL Villeurbanne,https://media-cdn.incrowdsports.com/e33c6d1a-95ca-4dbc-b8cb-0201812104cc.png,2025,E,perGame
45,13.0,7.0,15.21025641025641,4.9,0.5,1.2,46.7%,0.9,2.4,38.7%,1.1,1.5,73.7%,0.7,1.4,2.1,0.7,0.3,0.6,0.3,0.1,2.2,1.4,4.4,011949,"HOMMES, DAULTON",29,https://media-cdn.cortextech.io/a0c586c2-a8d8-47a6-80dc-f779888633a7.png,PRS,PBB,Paris Basketball,https://media-cdn.incrowdsports.com/a033e5b3-0de7-48a3-98d9-d9a4b9df1f39.png,2025,E,perGame
46,18.0,0.0,10.670370370370371,3.8,1.6,2.4,65.1%,0.1,0.1,50%,0.6,0.9,58.8%,0.8,1.4,2.3,0.2,0.4,0.7,0.7,0.2,1.8,0.9,4.4,007630,"GARUBA, USMAN",23,https://media-cdn.cortextech.io/fb919f50-9e7d-4bbf-af92-3763895ba6b7.png,MAD,RMB,Real Madrid,https://media-cdn.incrowdsports.com/371b0d9b-9250-4c09-bda7-0686cf024657.png,2025,E,perGame
47,20.0,1.0,10.817499999999999,3.6,0.6,1.0,60%,0.8,1.8,41.7%,0.2,0.2,100%,0.5,2.0,2.5,0.3,0.2,0.2,0.1,0.0,1.0,0.4,4.4,014026,"FRISCH, CLEMENT",23,https://media-cdn.cortextech.io/378db068-2283-4ef8-a400-e583a0f9922d.png,BAS,KBA,Baskonia Vitoria-Gasteiz,https://media-cdn.cortextech.io/cbc49cb0-99ce-4462-bdb7-56983ee03cf4.png,2025,E,perGame
48,19.0,18.0,17.278070175438597,5.4,1.2,2.3,50%,0.9,2.0,44.7%,0.4,0.5,70%,0.7,1.1,1.8,1.6,0.7,0.9,0.0,0.2,2.4,0.8,4.5,003733,"ABALDE, ALBERTO",30,https://media-cdn.cortextech.io/72807eac-571d-4e7b-ac26-93986d5d0e80.png,MAD,RMB,Real Madrid,https://media-cdn.incrowdsports.com/371b0d9b-9250-4c09-bda7-0686cf024657.png,2025,E,perGame
49,20.0,16.0,24.455833333333334,4.2,0.5,0.8,62.5%,1.0,3.2,29.7%,0.4,0.6,72.7%,0.4,2.0,2.4,1.2,0.8,0.2,0.1,0.1,2.8,1.4,4.5,013284,"WAINRIGHT, ISH",31,https://media-cdn.cortextech.io/ea9bc969-944b-4ba3-bfc9-e337bf5db497.png,HTA,HTA,Hapoel Tel Aviv,https://media-cdn.incrowdsports.com/cbb1c3ad-03d5-426a-b5ef-2832a4eee484.png,2025,E,perGame
50,19.0,5.0,14.751754385964913,5.3,0.8,1.7,50%,1.0,3.2,31.1%,0.6,0.7,92.3%,0.4,1.4,1.8,1.2,0.5,0.7,0.1,0.1,1.2,0.8,4.5,007029,"SIRVYDIS, DEIVIDAS",25,https://media-cdn.cortextech.io/8541a521-e186-49b5-b66a-1a9af61829c8.png,ZAL,ZAL,Zalgiris Kaunas,https://media-cdn.incrowdsports.com/0aa09358-3847-4c4e-b228-3582ee4e536d.png,2025,E,perGame
51,13.0,2.0,14.28974358974359,5.6,1.2,2.3,50%,0.5,1.5,35%,1.7,2.1,81.5%,0.0,0.8,0.8,1.8,0.3,1.4,0.1,0.2,1.2,1.5,4.7,013389,"LEE, SABEN",26,https://media-cdn.cortextech.io/d016faea-5855-43c3-9ee3-0377a97cf60b.png,OLY;IST,OLY;EFS,Olympiacos Piraeus;Anadolu Efes Istanbul,https://media-cdn.incrowdsports.com/789423ac-3cdf-4b89-b11c-b458aa5f59a6.png;https://media-cdn.cortextech.io/9a463aa2-ceb2-481c-9a95-1cddee0a248e.png,2025,E,perGame
52,20.0,15.0,22.435,9.0,1.7,3.6,47.2%,1.6,4.8,34%,0.6,0.6,100%,0.6,2.4,3.0,1.0,0.3,1.2,0.0,0.2,2.5,0.6,4.8,006961,"BIBEROVIC, TARIK",24,https://media-cdn.cortextech.io/f62a393b-7a2e-4ba8-a90f-8f7b1d56570c.png,ULK,FBB,Fenerbahce Beko Istanbul,https://media-cdn.cortextech.io/3b7f020e-5b39-49a1-b4b2-efea918edab7.png,2025,E,perGame
52,16.0,5.0,14.834375,5.9,1.6,3.0,54.2%,0.7,1.7,40.7%,0.6,0.9,71.4%,0.6,1.0,1.6,1.4,0.6,1.2,0.0,0.2,1.8,1.0,4.8,011247,"FELIZ, ANDRES",28,https://media-cdn.cortextech.io/88b1e489-c8a9-4cd8-8137-db11145b579a.png,MAD,RMB,Real Madrid,https://media-cdn.incrowdsports.com/371b0d9b-9250-4c09-bda7-0686cf024657.png,2025,E,perGame
54,18.0,3.0,19.09722222222222,7.2,1.3,3.2,39.7%,1.3,3.7,34.3%,0.8,1.2,66.7%,0.8,1.6,2.3,1.3,0.3,1.1,0.2,0.4,0.9,0.8,4.9,004197,"OUATTARA, YAKUBA",33,https://media-cdn.cortextech.io/7a130397-0f2a-47a2-adc3-eed775bcbf37.png,PRS,PBB,Paris Basketball,https://media-cdn.incrowdsports.com/a033e5b3-0de7-48a3-98d9-d9a4b9df1f39.png,2025,E,perGame
55,19.0,3.0,10.635964912280702,3.1,1.4,1.5,92.9%,0.0,0.0,0%,0.4,0.4,87.5%,0.9,1.8,2.7,0.2,0.2,0.4,0.7,0.0,1.6,0.3,4.9,014102,"JONES, KAI",24,https://media-cdn.cortextech.io/522b9410-d389-464c-9af6-be0e1c7e5111.png,IST,EFS,Anadolu Efes Istanbul,https://media-cdn.cortextech.io/9a463aa2-ceb2-481c-9a95-1cddee0a248e.png,2025,E,perGame
56,15.0,10.0,19.24222222222222,7.7,2.1,4.6,44.9%,0.8,2.7,29.3%,1.2,1.3,94.7%,0.7,1.8,2.5,0.7,0.3,0.9,0.1,0.3,2.1,1.6,5.1,012745,"PARKER, JABARI",30,https://media-cdn.cortextech.io/a3dfef1d-7e92-483c-9de7-0cd252e015fe.png,PAR,PAR,Partizan Mozzart Bet Belgrade,https://media-cdn.incrowdsports.com/2681304e-77dd-4331-88b1-683078c0fb49.png,2025,E,perGame
57,11.0,1.0,10.798484848484849,2.9,1.1,1.7,63.2%,0.0,0.1,0%,0.7,0.8,88.9%,1.0,1.1,2.1,0.3,0.5,0.1,0.8,0.1,1.4,1.0,5.2,003048,"DUNSTON, BRYANT",39,https://media-cdn.cortextech.io/e3c4915b-e70f-4813-9bdb-43bbbc606e33.png,MIL,EA7,EA7 Emporio Armani Milan,https://media-cdn.cortextech.io/9512ee73-a0f1-4647-a01e-3c2938aba6b8.png,2025,E,perGame
58,21.0,6.0,17.045238095238094,6.1,1.1,2.3,46.9%,1.0,2.6,40.7%,0.8,1.0,72.7%,1.2,2.0,3.2,0.9,0.5,0.4,0.1,0.2,3.0,1.1,5.2,011927,"SLEVA, DUSTIN",30,https://media-cdn.cortextech.io/eb0f304c-0299-4013-bbf4-481b25db175b.png,ZAL,ZAL,Zalgiris Kaunas,https://media-cdn.incrowdsports.com/0aa09358-3847-4c4e-b228-3582ee4e536d.png,2025,E,perGame
59,19.0,4.0,15.529824561403508,5.3,0.8,1.6,53.3%,0.9,2.5,37.5%,0.7,0.8,87.5%,0.7,1.9,2.6,0.5,0.4,0.3,0.1,0.1,1.5,0.7,5.2,006643,"PUERTO, JOSEP",26,https://media-cdn.cortextech.io/748f72b2-0ab2-4703-8592-d8d5566e1721.png,PAM,VBC,Valencia Basket,https://media-cdn.cortextech.io/d88f3c71-1519-4b19-8cfb-99e26a4c008e.png,2025,E,perGame
60,21.0,11.0,17.116666666666667,4.5,2.0,4.0,48.8%,0.0,0.0,100%,0.5,0.7,66.7%,1.6,2.8,4.4,0.6,0.5,1.5,0.5,0.0,3.0,1.5,5.3,012618,"MASSA, BODIAN",28,https://media-cdn.cortextech.io/29043d63-a741-4970-a849-8f2b865bd4ea.png,ASV,ASV,LDLC ASVEL Villeurbanne,https://media-cdn.incrowdsports.com/e33c6d1a-95ca-4dbc-b8cb-0201812104cc.png,2025,E,perGame
60,21.0,7.0,18.228571428571428,5.0,0.7,1.2,57.7%,1.1,2.8,40.7%,0.1,0.1,100%,0.9,2.2,3.1,0.7,0.8,0.2,0.2,0.0,2.2,0.2,5.3,001518,"RICCI, GIAMPAOLO",34,https://media-cdn.cortextech.io/f5767f49-5fc2-4639-95ef-06246240ca9b.png,MIL,EA7,EA7 Emporio Armani Milan,https://media-cdn.cortextech.io/9512ee73-a0f1-4647-a01e-3c2938aba6b8.png,2025,E,perGame
62,21.0,9.0,17.769841269841272,5.9,1.5,3.6,41.3%,0.8,3.3,23.2%,0.7,0.8,82.4%,0.7,1.0,1.7,4.0,1.4,1.6,0.1,0.2,2.7,1.5,5.4,013699,"CLARK III, JIMMY",24,https://media-cdn.cortextech.io/fc0e527c-4d5c-479e-a067-3701084cf554.png,TEL,MTA,Maccabi Rapyd Tel Aviv,https://media-cdn.cortextech.io/1b533342-78f5-4932-b714-a7d80b5826b5.png,2025,E,perGame
63,21.0,10.0,13.08095238095238,6.0,2.2,4.2,53.4%,0.0,0.0,0%,1.6,2.5,63.5%,1.4,1.3,2.7,0.7,0.5,1.0,0.3,0.1,2.8,2.0,5.4,014014,"VAUTIER, BASTIEN",27,https://media-cdn.cortextech.io/b33e8226-0dfc-4169-b7db-4e5c81590d55.png,ASV,ASV,LDLC ASVEL Villeurbanne,https://media-cdn.incrowdsports.com/e33c6d1a-95ca-4dbc-b8cb-0201812104cc.png,2025,E,perGame
64,20.0,17.0,18.389166666666668,7.6,1.5,3.1,48.4%,1.0,3.0,31.7%,1.8,2.0,85.4%,0.8,0.8,1.6,1.2,0.6,1.3,0.2,0.1,2.3,2.0,5.5,007993,"M'BAYE, AMATH",36,https://media-cdn.cortextech.io/29eebe44-7b24-44c5-8dd5-b085a3d056d5.png,PRS,PBB,Paris Basketball,https://media-cdn.incrowdsports.com/a033e5b3-0de7-48a3-98d9-d9a4b9df1f39.png,2025,E,perGame
65,16.0,9.0,19.595833333333335,5.9,0.5,1.5,33.3%,1.1,2.7,41.9%,1.5,1.7,88.9%,1.1,2.0,3.1,0.8,0.1,0.6,0.2,0.1,3.3,2.2,5.6,012613,"JANTUNEN, MIKAEL",25,https://media-cdn.cortextech.io/7c7134c0-946e-495e-8c01-6952b2129796.png,ULK,FBB,Fenerbahce Beko Istanbul,https://media-cdn.cortextech.io/3b7f020e-5b39-49a1-b4b2-efea918edab7.png,2025,E,perGame
66,18.0,0.0,12.330555555555556,5.8,1.0,1.6,62.1%,1.1,2.3,46.3%,0.6,0.7,84.6%,0.2,0.9,1.2,1.4,0.9,0.7,0.2,0.2,2.1,1.1,5.6,000848,"NEDOVIC, NEMANJA",34,https://media-cdn.cortextech.io/664a91ef-82db-43d9-81c7-30bcbb9d8139.png,MCO,ASM,AS Monaco,https://media-cdn.incrowdsports.com/89ed276a-2ba3-413f-8ea2-b3be209ca129.png,2025,E,perGame
67,18.0,5.0,14.66111111111111,6.9,1.3,2.9,44.2%,1.1,3.8,27.5%,1.2,1.8,68.8%,0.3,1.3,1.7,2.0,0.6,1.1,0.1,0.2,1.7,2.2,5.7,013378,"RATHAN-MAYES, XAVIER",31,https://media-cdn.cortextech.io/be33c25c-a375-46b0-8fa6-b978b93ac5f0.png,MUN,BAY,FC Bayern Munich,https://media-cdn.incrowdsports.com/817b0e58-d595-4b09-ab0b-1e7cc26249ff.png,2025,E,perGame
68,20.0,4.0,20.1225,8.0,0.6,1.2,45.8%,1.9,6.0,31.9%,1.2,1.4,86.2%,0.5,2.1,2.6,1.2,0.2,0.6,0.5,0.0,2.2,0.9,5.7,003458,"BERTANS, DAVIS",33,https://media-cdn.cortextech.io/7210d5c7-adf0-4fb2-a475-1b92cab15443.png,DUB,DUB,Dubai Basketball,https://media-cdn.incrowdsports.com/1efae090-16e2-4963-ae47-4b94f249c244.png,2025,E,perGame
69,14.0,5.0,13.697619047619048,5.9,2.6,3.9,66.7%,0.0,0.1,0%,0.7,1.2,58.8%,1.0,1.7,2.7,0.4,0.6,1.4,0.2,0.1,2.4,1.6,5.7,013386,"MCCORMACK, DAVID",26,https://media-cdn.cortextech.io/e6d83e1c-82df-4d7b-8d94-6a7f0a037e60.png,MUN,BAY,FC Bayern Munich,https://media-cdn.incrowdsports.com/817b0e58-d595-4b09-ab0b-1e7cc26249ff.png,2025,E,perGame
70,20.0,3.0,14.369166666666667,7.0,1.4,2.3,58.7%,0.7,1.6,43.7%,2.2,2.7,81.5%,0.6,0.8,1.4,0.6,0.4,1.1,0.3,0.2,3.3,2.9,5.8,013289,"SANTOS, MARCIO",23,https://media-cdn.cortextech.io/5388e430-a3af-404e-9b40-90f755cbcb77.png,TEL,MTA,Maccabi Rapyd Tel Aviv,https://media-cdn.cortextech.io/1b533342-78f5-4932-b714-a7d80b5826b5.png,2025,E,perGame
71,19.0,0.0,14.899122807017543,8.7,2.0,3.6,55.1%,1.4,3.8,35.6%,0.6,0.7,85.7%,0.1,0.9,0.9,1.2,0.6,0.7,0.0,0.1,1.7,1.2,5.9,009992,"BRIZUELA, DARIO",31,https://media-cdn.cortextech.io/eaddc1f6-0aec-49e2-8c65-e0a3b8b2cfe3.png,BAR,BAR,FC Barcelona,https://media-cdn.incrowdsports.com/35dfa503-e417-481f-963a-bdf6f013763e.png,2025,E,perGame
72,12.0,5.0,12.220833333333333,4.7,1.0,2.3,42.9%,0.8,1.7,45%,0.4,0.8,55.6%,0.7,1.2,1.9,3.1,0.7,1.4,0.0,0.0,1.7,1.2,5.9,010750,"DE LARREA, SERGIO",20,https://media-cdn.cortextech.io/5c52e29f-09dd-45b3-ae82-a839d68146f7.png,PAM,VBC,Valencia Basket,https://media-cdn.cortextech.io/d88f3c71-1519-4b19-8cfb-99e26a4c008e.png,2025,E,perGame
73,14.0,0.0,14.215476190476192,4.1,0.1,0.4,40%,1.1,2.6,41.7%,0.6,0.6,100%,0.8,1.1,1.9,1.2,1.1,0.3,0.0,0.0,1.6,1.4,6.0,007990,"DIBARTOLOMEO, JOHN",34,https://media-cdn.cortextech.io/8d21b46c-77f3-4241-834a-c819a514fc58.png,TEL,MTA,Maccabi Rapyd Tel Aviv,https://media-cdn.cortextech.io/1b533342-78f5-4932-b714-a7d80b5826b5.png,2025,E,perGame
73,17.0,9.0,22.988235294117647,10.4,1.3,3.1,42.3%,2.0,6.0,33.3%,1.8,2.3,76.9%,0.4,0.9,1.3,2.2,0.7,1.8,0.0,0.3,2.2,2.0,6.0,013380,"FOURNIER, EVAN",33,https://media-cdn.cortextech.io/948551c5-285e-44d1-8a50-35cd9b019e97.png,OLY,OLY,Olympiacos Piraeus,https://media-cdn.incrowdsports.com/789423ac-3cdf-4b89-b11c-b458aa5f59a6.png,2025,E,perGame
73,13.0,6.0,20.73076923076923,6.7,2.3,4.8,47.6%,0.2,1.4,11.1%,1.6,1.9,84%,0.6,1.1,1.7,3.1,0.7,1.8,0.1,0.4,2.4,2.4,6.0,014007,"MILTON, SHAKE",29,https://media-cdn.cortextech.io/913386b0-4099-4b7c-9b5f-40d18c8c023a.png,PAR,PAR,Partizan Mozzart Bet Belgrade,https://media-cdn.incrowdsports.com/2681304e-77dd-4331-88b1-683078c0fb49.png,2025,E,perGame
73,18.0,15.0,19.483333333333334,5.4,0.7,1.3,50%,1.3,3.2,39.7%,0.2,0.3,80%,1.1,1.6,2.7,1.6,0.9,0.8,0.2,0.1,2.2,1.0,6.0,010431,"MORGAN, JEREMY",30,https://media-cdn.cortextech.io/20d0ed00-5f36-4168-8dca-e058f2835458.png,PRS,PBB,Paris Basketball,https://media-cdn.incrowdsports.com/a033e5b3-0de7-48a3-98d9-d9a4b9df1f39.png,2025,E,perGame
77,20.0,0.0,13.156666666666666,6.2,1.2,2.1,59.5%,0.8,2.0,38.5%,1.4,1.5,93.3%,0.4,1.6,2.1,0.9,0.4,1.0,0.0,0.0,1.6,1.4,6.0,008829,"PETERS, ALEC",30,https://media-cdn.cortextech.io/8feddbf2-03c1-4130-95fe-246f938a74d6.png,OLY,OLY,Olympiacos Piraeus,https://media-cdn.incrowdsports.com/789423ac-3cdf-4b89-b11c-b458aa5f59a6.png,2025,E,perGame
78,19.0,3.0,17.921929824561403,8.6,0.7,1.3,54.2%,2.1,5.5,38.1%,0.9,1.1,85%,0.6,1.3,1.9,1.2,0.7,0.7,0.1,0.2,2.3,1.1,6.2,012611,"HERRERA, SEBASTIAN",28,https://media-cdn.cortextech.io/554a36c3-9fe5-44af-8100-9cb7752e132a.png,PRS,PBB,Paris Basketball,https://media-cdn.incrowdsports.com/a033e5b3-0de7-48a3-98d9-d9a4b9df1f39.png,2025,E,perGame
79,21.0,1.0,18.456349206349206,5.1,1.5,2.6,57.4%,0.5,1.7,27.8%,0.7,1.0,75%,1.2,2.3,3.5,1.0,0.6,0.5,0.1,0.2,1.8,1.1,6.2,007464,"PARRA, JOEL",25,https://media-cdn.cortextech.io/f7ed6b45-8416-4bfc-8d40-51b9635dae75.png,BAR,BAR,FC Barcelona,https://media-cdn.incrowdsports.com/35dfa503-e417-481f-963a-bdf6f013763e.png,2025,E,perGame
80,18.0,3.0,11.212037037037037,5.1,2.0,3.3,60%,0.0,0.1,0%,1.1,1.4,80%,1.2,2.2,3.4,0.3,0.3,0.6,0.0,0.3,1.6,1.3,6.3,008325,"KAMENJAS, KENAN",25,https://media-cdn.cortextech.io/6e525346-e12a-45a0-b922-32c7799d2b15.png,DUB,DUB,Dubai Basketball,https://media-cdn.incrowdsports.com/1efae090-16e2-4963-ae47-4b94f249c244.png,2025,E,perGame
81,21.0,10.0,18.303174603174604,4.0,0.6,1.1,56.5%,0.7,2.5,26.9%,0.8,1.1,69.6%,0.4,2.2,2.6,4.1,0.9,1.3,0.3,0.0,3.0,1.4,6.4,006739,"PAJOLA, ALESSANDRO",26,https://media-cdn.cortextech.io/ccc6aac9-c905-4988-a055-0a0bc8b13010.png,VIR,VIR,Virtus Bologna,https://media-cdn.cortextech.io/1362801d-dd09-4fd0-932d-ead56063ab77.png,2025,E,perGame
82,17.0,10.0,20.470588235294116,6.2,1.6,2.8,59.6%,0.7,1.9,36.4%,0.8,1.5,53.8%,1.5,1.9,3.4,1.5,1.1,1.6,0.1,0.4,2.9,2.1,6.4,005713,"KURUCS, RODIONS",27,https://media-cdn.cortextech.io/6ca0b78a-ccb0-45b3-ad2f-e10aff32f0fc.png,BAS,KBA,Baskonia Vitoria-Gasteiz,https://media-cdn.cortextech.io/cbc49cb0-99ce-4462-bdb7-56983ee03cf4.png,2025,E,perGame
83,17.0,3.0,15.552941176470586,6.2,1.2,2.1,58.3%,1.0,3.3,30.4%,0.7,1.0,70.6%,0.1,0.9,1.1,3.6,0.8,1.4,0.0,0.3,1.8,1.9,6.6,014119,"NOWELL, MARKQUIS",26,https://media-cdn.cortextech.io/02c8c710-f160-471e-b241-e0c0e3a976a8.png,BAS,KBA,Baskonia Vitoria-Gasteiz,https://media-cdn.cortextech.io/cbc49cb0-99ce-4462-bdb7-56983ee03cf4.png,2025,E,perGame
84,21.0,10.0,11.839682539682538,5.4,2.3,3.2,70.6%,0.0,0.0,0%,0.9,2.0,41.9%,1.1,1.5,2.6,0.4,0.2,0.4,0.4,0.1,1.3,1.6,6.6,005504,"BIRUTIS, LAURYNAS",28,https://media-cdn.cortextech.io/ec9e23f4-7618-42d7-9ccd-05bb89fe2e4b.png,ZAL,ZAL,Zalgiris Kaunas,https://media-cdn.incrowdsports.com/0aa09358-3847-4c4e-b228-3582ee4e536d.png,2025,E,perGame
84,21.0,16.0,17.539682539682538,4.0,1.7,2.3,75%,0.0,0.0,0%,0.6,1.1,50%,1.7,2.5,4.2,0.6,0.5,0.8,0.8,0.0,2.8,1.3,6.6,008072,"DIOP, KHALIFA",23,https://media-cdn.cortextech.io/d78b882f-2f17-4f2a-8685-55cd7f75be1b.png,BAS,KBA,Baskonia Vitoria-Gasteiz,https://media-cdn.cortextech.io/cbc49cb0-99ce-4462-bdb7-56983ee03cf4.png,2025,E,perGame
86,19.0,8.0,15.805263157894737,6.1,1.2,2.4,51.1%,0.7,1.9,36.1%,1.6,1.8,88.2%,0.9,1.3,2.2,1.1,0.8,0.3,0.1,0.2,1.9,1.5,6.6,010581,"OSETKOWSKI, DYLAN",29,https://media-cdn.cortextech.io/d5277fb5-a978-453b-bfcb-731c5704609c.png,PAR,PAR,Partizan Mozzart Bet Belgrade,https://media-cdn.incrowdsports.com/2681304e-77dd-4331-88b1-683078c0fb49.png,2025,E,perGame
87,20.0,5.0,16.384166666666665,5.8,1.9,3.0,62.3%,0.4,1.2,28%,1.0,1.2,83.3%,1.3,2.3,3.6,0.8,0.4,1.2,1.2,0.2,2.6,1.2,6.6,014027,"DIAKITE, MAMADI",28,https://media-cdn.cortextech.io/eedc9090-ac8a-4063-8763-0849554a22e1.png,BAS,KBA,Baskonia Vitoria-Gasteiz,https://media-cdn.cortextech.io/cbc49cb0-99ce-4462-bdb7-56983ee03cf4.png,2025,E,perGame
88,20.0,1.0,17.053333333333335,6.1,1.2,2.0,61.5%,1.0,2.7,35.2%,0.8,0.8,100%,0.7,2.0,2.8,1.3,0.6,0.6,0.3,0.1,1.6,0.6,6.8,013290,"JESSUP, JUSTINIAN",27,https://media-cdn.cortextech.io/39bd9e57-57f4-4de4-8afd-3cb14d2db192.png,MUN,BAY,FC Bayern Munich,https://media-cdn.incrowdsports.com/817b0e58-d595-4b09-ab0b-1e7cc26249ff.png,2025,E,perGame
89,13.0,9.0,21.497435897435896,11.3,1.5,2.5,59.4%,2.5,7.2,34%,1.0,1.2,81.2%,0.2,1.1,1.3,2.0,0.6,1.3,0.0,0.2,2.5,1.8,7.0,011948,"HOWARD, MARKUS",26,https://media-cdn.cortextech.io/527ed926-2d87-4ba9-bed3-9bbb42b1cd49.png,BAS,KBA,Baskonia Vitoria-Gasteiz,https://media-cdn.cortextech.io/cbc49cb0-99ce-4462-bdb7-56983ee03cf4.png,2025,E,perGame
90,21.0,1.0,18.89761904761905,6.9,1.0,2.3,42.9%,1.2,3.0,39.7%,1.3,1.5,84.4%,0.5,1.6,2.1,2.4,0.6,1.7,0.1,0.4,1.3,1.8,7.0,007032,"LO, MAODO",33,https://media-cdn.cortextech.io/4f56a0f9-4aaa-4477-aebc-68205cdbb245.png,ZAL,ZAL,Zalgiris Kaunas,https://media-cdn.incrowdsports.com/0aa09358-3847-4c4e-b228-3582ee4e536d.png,2025,E,perGame
90,21.0,9.0,21.426984126984127,7.8,2.2,3.4,63.9%,0.8,2.4,32%,1.1,1.5,71.9%,1.2,2.4,3.6,0.9,0.4,0.9,0.1,0.2,3.1,1.8,7.0,007109,"SMITS, ROLANDS",30,https://media-cdn.cortextech.io/d4e2115d-e8a8-497e-9522-f11f7d7d0336.png,IST,EFS,Anadolu Efes Istanbul,https://media-cdn.cortextech.io/9a463aa2-ceb2-481c-9a95-1cddee0a248e.png,2025,E,perGame
92,17.0,1.0,14.804901960784314,4.2,1.9,2.6,71.1%,0.0,0.0,0%,0.4,1.1,38.9%,1.9,3.3,5.2,1.8,1.1,1.6,0.1,0.2,2.8,0.9,7.2,014010,"DOKOSSI, ALLAN",26,https://media-cdn.cortextech.io/03ed0fcb-7fff-4907-99ff-559619e35156.png,PRS,PBB,Paris Basketball,https://media-cdn.incrowdsports.com/a033e5b3-0de7-48a3-98d9-d9a4b9df1f39.png,2025,E,perGame
93,19.0,6.0,15.916666666666668,6.1,1.9,3.5,54.5%,0.4,1.7,21.9%,1.2,1.4,88.5%,1.1,2.4,3.5,0.7,0.5,0.7,0.4,0.2,1.7,1.7,7.3,007866,"MITOGLOU, KONSTANTINOS",29,https://media-cdn.cortextech.io/786a3466-8cef-47d3-86c6-487cc42cab85.png,PAN,PAO,Panathinaikos AKTOR Athens,https://media-cdn.incrowdsports.com/e3dff28a-9ec6-4faf-9d96-ecbc68f75780.png,2025,E,perGame
94,21.0,12.0,22.535714285714285,6.3,1.4,2.9,48.3%,0.9,2.2,40.4%,0.9,1.1,75%,0.5,0.9,1.4,3.2,0.8,0.8,0.0,0.0,2.3,1.8,7.3,011204,"GRANT, JERIAN",33,https://media-cdn.cortextech.io/3ef4745b-bc65-45a0-b534-e5cea140604e.png,PAN,PAO,Panathinaikos AKTOR Athens,https://media-cdn.incrowdsports.com/e3dff28a-9ec6-4faf-9d96-ecbc68f75780.png,2025,E,perGame
95,11.0,0.0,17.85757575757576,8.1,1.1,1.8,60%,1.6,5.2,31.6%,1.0,1.0,100%,0.0,1.1,1.1,4.0,0.9,1.7,0.0,0.3,2.6,2.3,7.5,006435,"LAPROVITTOLA, NICOLAS",35,https://media-cdn.cortextech.io/d7e43b16-3a21-4087-b04f-89cdaedb7158.png,BAR,BAR,FC Barcelona,https://media-cdn.incrowdsports.com/35dfa503-e417-481f-963a-bdf6f013763e.png,2025,E,perGame
96,19.0,13.0,24.15438596491228,8.2,0.9,1.8,51.4%,1.7,5.4,31.1%,1.3,1.4,92.3%,0.7,2.5,3.3,1.3,0.3,0.3,0.1,0.3,2.2,1.7,7.5,014088,"SELJAAS, ZACHARY",28,https://media-cdn.cortextech.io/dc020bbc-568f-482c-8e1a-070df69a0b83.png,ASV,ASV,LDLC ASVEL Villeurbanne,https://media-cdn.incrowdsports.com/e33c6d1a-95ca-4dbc-b8cb-0201812104cc.png,2025,E,perGame
97,20.0,18.0,17.6525,5.6,2.4,3.8,61.8%,0.0,0.0,0%,0.8,1.6,53.1%,2.4,2.9,5.4,0.2,0.3,0.9,0.9,0.5,2.6,1.4,7.5,012403,"FAYE, MOUHAMED",20,https://media-cdn.cortextech.io/5495af48-c312-4958-a64d-f20e82c38f1e.png,PRS,PBB,Paris Basketball,https://media-cdn.incrowdsports.com/a033e5b3-0de7-48a3-98d9-d9a4b9df1f39.png,2025,E,perGame
98,18.0,5.0,17.515740740740743,11.4,2.0,3.3,60%,1.9,5.1,38%,1.6,1.8,90.6%,0.4,1.2,1.6,1.1,0.6,1.9,0.2,0.3,2.2,1.7,7.6,007527,"BADIO, BRANCOU",26,https://media-cdn.cortextech.io/24556d2c-01db-4a9c-a2d0-e2607a4fae52.png,PAM,VBC,Valencia Basket,https://media-cdn.cortextech.io/d88f3c71-1519-4b19-8cfb-99e26a4c008e.png,2025,E,perGame
99,21.0,10.0,16.724603174603175,7.8,2.4,5.4,44.2%,0.4,1.1,39.1%,1.7,2.6,66.7%,0.1,1.1,1.3,3.3,0.4,1.2,0.0,0.3,1.5,2.3,7.6,012608,"SHORTS, TJ",28,https://media-cdn.cortextech.io/c0323c00-43ae-41c3-ba0a-cffbb4e3854b.png,PAN,PAO,Panathinaikos AKTOR Athens,https://media-cdn.incrowdsports.com/e3dff28a-9ec6-4faf-9d96-ecbc68f75780.png,2025,E,perGame
100,20.0,18.0,20.425833333333333,8.4,1.6,2.8,54.4%,1.4,2.6,54.7%,0.9,0.9,100%,0.7,1.8,2.4,1.0,0.7,1.4,0.1,0.2,2.0,1.1,7.7,014005,"ALSTON JR. , DERRICK",28,https://media-cdn.cortextech.io/5b54806f-0a15-4135-85b9-48175ed741bd.png,VIR,VIR,Virtus Bologna,https://media-cdn.cortextech.io/1362801d-dd09-4fd0-932d-ead56063ab77.png,2025,E,perGame
100,20.0,8.0,14.974166666666667,6.4,2.6,4.1,63.4%,0.0,0.0,0%,1.2,1.6,69.7%,1.2,2.6,3.8,0.6,0.5,1.4,0.4,0.2,2.5,2.0,7.7,013667,"FERNANDO, BRUNO",27,https://media-cdn.cortextech.io/771c73d1-4537-447b-b668-043882902961.png,PAR;MAD,PAR;RMB,Partizan Mozzart Bet Belgrade;Real Madrid,https://media-cdn.incrowdsports.com/2681304e-77dd-4331-88b1-683078c0fb49.png;https://media-cdn.incrowdsports.com/371b0d9b-9250-4c09-bda7-0686cf024657.png,2025,E,perGame
102,20.0,15.0,24.8,6.3,1.6,2.8,58.9%,0.8,2.4,34%,0.6,0.8,75%,0.8,2.8,3.6,1.0,0.6,0.4,0.4,0.2,1.8,1.1,7.8,012609,"MALCOLM, COLLIN",28,https://media-cdn.cortextech.io/936958b4-089b-4ba9-a797-8b0d1a117b7d.png,HTA,HTA,Hapoel Tel Aviv,https://media-cdn.incrowdsports.com/cbb1c3ad-03d5-426a-b5ef-2832a4eee484.png,2025,E,perGame
103,17.0,1.0,13.237254901960783,6.8,2.8,4.2,65.3%,0.0,0.0,0%,1.3,1.7,75.9%,2.0,1.3,3.3,0.4,0.5,0.6,0.4,0.2,2.5,1.6,7.8,014029,"IZUNDU, EBUKA",29,https://media-cdn.cortextech.io/34d169ce-3794-4b52-bfca-d9646efe4a24.png,RED,CZV,Crvena Zvezda Meridianbet Belgrade,https://media-cdn.incrowdsports.com/d2eef4a8-62df-4fdd-9076-276004268515.png,2025,E,perGame
104,13.0,10.0,18.425641025641024,7.2,2.2,4.8,45.2%,0.4,1.5,26.3%,1.7,2.7,62.9%,0.8,2.0,2.8,1.5,1.3,1.5,0.2,0.1,1.3,2.3,7.8,013371,"HARRISON, SHAQUILLE",32,https://media-cdn.cortextech.io/3b994fa6-5da8-4559-ac9a-6c6400e3fd99.png,ASV,ASV,LDLC ASVEL Villeurbanne,https://media-cdn.incrowdsports.com/e33c6d1a-95ca-4dbc-b8cb-0201812104cc.png,2025,E,perGame
105,21.0,1.0,16.956349206349206,6.5,2.8,4.3,65.6%,0.0,0.0,0%,0.9,1.3,70.4%,1.8,1.6,3.4,0.5,0.7,0.5,0.9,0.4,2.7,1.4,7.8,010390,"HAYES, KEVARRIUS",28,https://media-cdn.cortextech.io/f8b50ed9-1f5a-4e02-9046-4ec6bd379217.png,MCO,ASM,AS Monaco,https://media-cdn.incrowdsports.com/89ed276a-2ba3-413f-8ea2-b3be209ca129.png,2025,E,perGame
106,21.0,13.0,20.04206349206349,6.4,0.6,1.2,50%,1.5,4.6,32.3%,0.8,1.0,76.2%,0.3,1.6,2.0,4.9,0.4,2.4,0.0,0.1,0.8,1.5,7.9,011193,"BLATT, TAMIR",28,https://media-cdn.cortextech.io/780f9309-2c9f-4a43-be7f-9f7a7182d133.png,TEL,MTA,Maccabi Rapyd Tel Aviv,https://media-cdn.cortextech.io/1b533342-78f5-4932-b714-a7d80b5826b5.png,2025,E,perGame
106,21.0,7.0,23.13015873015873,6.2,1.1,2.8,41.4%,0.7,1.8,36.8%,1.9,2.3,83.3%,1.0,1.7,2.7,2.0,0.3,0.5,0.1,0.2,2.0,2.3,7.9,002329,"ULANOVAS, EDGARAS",33,https://media-cdn.cortextech.io/c37e8132-0498-4172-8e32-4c7044bd4370.png,ZAL,ZAL,Zalgiris Kaunas,https://media-cdn.incrowdsports.com/0aa09358-3847-4c4e-b228-3582ee4e536d.png,2025,E,perGame
108,17.0,8.0,18.354901960784314,5.9,1.1,1.6,70.4%,1.2,2.1,55.6%,0.1,0.1,100%,0.3,2.2,2.5,1.3,0.9,0.6,0.1,0.0,1.8,1.1,7.9,002676,"BUTKEVICIUS, ARNAS",33,https://media-cdn.cortextech.io/141e5608-9388-4c11-96ed-fbe12fa4a1bf.png,ZAL,ZAL,Zalgiris Kaunas,https://media-cdn.incrowdsports.com/0aa09358-3847-4c4e-b228-3582ee4e536d.png,2025,E,perGame
109,16.0,1.0,21.273958333333333,6.6,1.2,2.0,62.5%,1.1,2.6,42.9%,0.8,0.9,80%,1.1,2.3,3.4,1.3,0.3,0.6,0.7,0.0,2.0,0.7,8.0,012795,"ANDERSON, JUSTIN",32,https://media-cdn.cortextech.io/fe45bbed-041c-4077-a770-db8d3c0946f0.png,DUB,DUB,Dubai Basketball,https://media-cdn.incrowdsports.com/1efae090-16e2-4963-ae47-4b94f249c244.png,2025,E,perGame
109,16.0,10.0,18.745833333333334,5.6,1.6,2.8,59.1%,0.6,1.6,40%,0.4,0.6,70%,0.2,1.6,1.8,4.2,1.2,1.8,0.0,0.3,1.9,1.4,8.0,004863,"JOVIC, STEFAN",35,https://media-cdn.cortextech.io/8f6a1334-5d45-4d52-bd52-665090df1438.png,MUN,BAY,FC Bayern Munich,https://media-cdn.incrowdsports.com/817b0e58-d595-4b09-ab0b-1e7cc26249ff.png,2025,E,perGame
111,17.0,17.0,24.207843137254905,4.9,1.2,2.5,48.8%,0.6,2.5,23.3%,0.6,0.9,73.3%,0.8,1.6,2.4,5.4,0.8,1.6,0.1,0.2,2.4,2.1,8.1,008855,"WALKUP, THOMAS",33,https://media-cdn.cortextech.io/5a798730-2697-4550-b3b3-df119a860b18.png,OLY,OLY,Olympiacos Piraeus,https://media-cdn.incrowdsports.com/789423ac-3cdf-4b89-b11c-b458aa5f59a6.png,2025,E,perGame
112,20.0,4.0,23.166666666666664,9.7,1.6,3.8,44%,1.4,4.6,30.8%,2.2,2.6,86.3%,0.8,1.6,2.4,1.7,0.6,1.3,0.0,0.3,2.6,3.4,8.1,009754,"LOYD, JORDAN",32,https://media-cdn.cortextech.io/f21f9f12-b440-41a3-87d7-aa3bbe6a36f3.png,IST,EFS,Anadolu Efes Istanbul,https://media-cdn.cortextech.io/9a463aa2-ceb2-481c-9a95-1cddee0a248e.png,2025,E,perGame
113,18.0,11.0,17.614814814814814,8.0,1.6,2.9,54.7%,1.2,2.9,40.4%,1.3,1.6,82.1%,0.6,2.0,2.6,0.6,0.7,0.8,0.3,0.2,1.7,1.8,8.1,011051,"SMAILAGIC, ALEN",25,https://media-cdn.cortextech.io/ae9cae56-3e7e-4f67-ad21-e0926b9f159b.png,VIR,VIR,Virtus Bologna,https://media-cdn.cortextech.io/1362801d-dd09-4fd0-932d-ead56063ab77.png,2025,E,perGame
114,21.0,2.0,23.596031746031745,7.8,1.9,3.8,50.6%,0.8,2.3,33.3%,1.7,2.1,77.8%,1.9,1.8,3.6,1.0,0.6,0.9,0.5,0.5,2.0,1.9,8.1,011982,"OJELEYE, SEMI",31,https://media-cdn.cortextech.io/e54b9baf-ae85-4aed-9ef7-da71859be0c3.png,RED,CZV,Crvena Zvezda Meridianbet Belgrade,https://media-cdn.incrowdsports.com/d2eef4a8-62df-4fdd-9076-276004268515.png,2025,E,perGame
115,19.0,2.0,18.076315789473682,7.2,2.5,3.3,77.4%,0.5,1.6,32.3%,0.6,0.9,64.7%,1.6,2.5,4.1,0.6,0.5,1.1,0.5,0.3,2.1,0.8,8.2,010319,"TRAORE, ARMEL",22,https://media-cdn.cortextech.io/e9db529b-bdba-4c4f-8248-c52e6bf7c438.png,ASV,ASV,LDLC ASVEL Villeurbanne,https://media-cdn.incrowdsports.com/e33c6d1a-95ca-4dbc-b8cb-0201812104cc.png,2025,E,perGame
116,20.0,8.0,15.820833333333335,6.6,2.8,4.4,62.5%,0.0,0.4,12.5%,1.0,1.1,90.9%,2.1,1.8,4.0,1.0,0.6,1.0,0.4,0.6,1.8,1.1,8.2,011244,"DA SILVA, OSCAR",27,https://media-cdn.cortextech.io/1cd31b45-1360-4dc2-a279-504d2a1c44e8.png,MUN,BAY,FC Bayern Munich,https://media-cdn.incrowdsports.com/817b0e58-d595-4b09-ab0b-1e7cc26249ff.png,2025,E,perGame
117,20.0,14.0,23.238333333333333,6.8,2.2,3.4,63.2%,0.5,1.3,38.5%,1.0,1.7,58.8%,1.2,2.2,3.5,1.4,0.5,1.4,0.2,0.2,1.8,2.2,8.3,005422,"JALLOW, KARIM",28,https://media-cdn.cortextech.io/537c45ba-7d81-47df-aa8d-900ecf79b2b4.png,VIR,VIR,Virtus Bologna,https://media-cdn.cortextech.io/1362801d-dd09-4fd0-932d-ead56063ab77.png,2025,E,perGame
118,21.0,18.0,25.43095238095238,7.0,1.4,2.3,62.5%,1.0,2.7,36.8%,1.1,1.3,82.1%,1.0,2.7,3.8,2.3,0.6,1.9,0.3,0.1,2.8,2.1,8.4,004866,"KALINIC, NIKOLA",34,https://media-cdn.cortextech.io/8b1112da-0b01-4305-b27a-c6424ef1f54f.png,RED,CZV,Crvena Zvezda Meridianbet Belgrade,https://media-cdn.incrowdsports.com/d2eef4a8-62df-4fdd-9076-276004268515.png,2025,E,perGame
119,21.0,15.0,20.026984126984125,7.1,2.2,3.8,58.2%,0.5,1.6,32.4%,1.2,1.7,69.4%,1.5,2.8,4.3,0.6,0.4,0.6,0.0,0.1,1.8,1.7,8.5,011231,"BLOSSOMGAME, JARON",32,https://media-cdn.cortextech.io/47740cf2-cdbf-4529-9cbe-3954f423f542.png,MCO,ASM,AS Monaco,https://media-cdn.incrowdsports.com/89ed276a-2ba3-413f-8ea2-b3be209ca129.png,2025,E,perGame
120,21.0,0.0,16.314285714285717,7.0,1.9,3.7,51.9%,0.5,1.1,43.5%,1.7,2.1,80%,0.2,1.6,1.8,2.4,0.5,1.0,0.1,0.1,1.1,1.9,8.6,008173,"SPAGNOLO, MATTEO",22,https://media-cdn.cortextech.io/560b3be0-7457-4a49-8a49-d45cb6e16996.png,BAS,KBA,Baskonia Vitoria-Gasteiz,https://media-cdn.cortextech.io/cbc49cb0-99ce-4462-bdb7-56983ee03cf4.png,2025,E,perGame
121,19.0,19.0,14.59035087719298,7.0,2.4,3.8,62.5%,0.3,0.6,41.7%,1.5,2.5,59.6%,0.8,1.3,2.1,0.9,0.4,0.8,0.0,0.2,1.4,3.4,8.6,LCZ,"MOTIEJUNAS, DONATAS",35,https://media-cdn.cortextech.io/b9453f11-74b4-498e-8490-e5cbc1b25255.png,RED,CZV,Crvena Zvezda Meridianbet Belgrade,https://media-cdn.incrowdsports.com/d2eef4a8-62df-4fdd-9076-276004268515.png,2025,E,perGame
122,11.0,8.0,16.30151515151515,5.2,1.1,2.2,50%,0.8,2.4,34.6%,0.5,0.7,75%,0.8,3.6,4.5,2.2,0.5,1.2,0.3,0.0,1.4,1.4,8.6,007201,"VOIGTMANN, JOHANNES",33,https://media-cdn.cortextech.io/f25b3c46-64c0-4108-8168-c0ac3aa4a6bb.png,MUN,BAY,FC Bayern Munich,https://media-cdn.incrowdsports.com/817b0e58-d595-4b09-ab0b-1e7cc26249ff.png,2025,E,perGame
123,20.0,19.0,23.4675,7.8,1.6,3.4,47.8%,0.9,2.4,38.3%,1.8,2.4,77.1%,1.2,3.0,4.2,0.6,0.9,0.8,0.4,0.0,2.7,2.1,8.6,014127,"BRISSETT, O'SHAE J",27,https://media-cdn.cortextech.io/0490793f-09f7-42be-b351-2cd6543d1613.png,TEL,MTA,Maccabi Rapyd Tel Aviv,https://media-cdn.cortextech.io/1b533342-78f5-4932-b714-a7d80b5826b5.png,2025,E,perGame
124,11.0,2.0,19.61818181818182,9.9,1.9,4.3,44.7%,1.6,3.8,42.9%,1.2,1.5,76.5%,0.3,0.8,1.1,2.9,0.7,0.9,0.1,0.1,1.7,1.6,8.7,014123,"DOWTIN JR, JEFFREY",28,https://media-cdn.cortextech.io/6976aa15-8d91-454e-987a-82f8e6059771.png,TEL,MTA,Maccabi Rapyd Tel Aviv,https://media-cdn.cortextech.io/1b533342-78f5-4932-b714-a7d80b5826b5.png,2025,E,perGame
125,20.0,8.0,21.06083333333333,6.4,1.8,2.7,68.5%,0.4,1.4,32.1%,1.4,1.6,84.4%,0.8,3.0,3.8,1.4,0.3,0.9,0.0,0.2,1.6,1.6,8.8,009005,"DECK, GABRIEL",30,https://media-cdn.cortextech.io/85e6487b-9481-4012-87d5-807d4ae81b30.png,MAD,RMB,Real Madrid,https://media-cdn.incrowdsports.com/371b0d9b-9250-4c09-bda7-0686cf024657.png,2025,E,perGame
125,20.0,9.0,16.395,6.0,0.8,1.4,60.7%,1.3,2.8,45.6%,0.4,0.7,64.3%,1.6,2.5,4.0,0.8,0.4,0.3,0.4,0.1,0.8,0.6,8.8,014006,"OKEKE, CHUMA",27,https://media-cdn.cortextech.io/53f31f48-9fb0-4721-8f48-8bd48c2ca323.png,MAD,RMB,Real Madrid,https://media-cdn.incrowdsports.com/371b0d9b-9250-4c09-bda7-0686cf024657.png,2025,E,perGame
127,14.0,6.0,19.13095238095238,7.4,1.5,3.1,47.7%,0.6,2.4,27.3%,2.4,3.3,73.9%,0.4,2.5,2.9,2.6,0.9,0.9,0.3,0.3,2.6,2.8,8.8,012610,"WARD, TYSON",28,https://media-cdn.cortextech.io/c05273c5-2d14-410e-9bd6-f65f78da6d7c.png,OLY,OLY,Olympiacos Piraeus,https://media-cdn.incrowdsports.com/789423ac-3cdf-4b89-b11c-b458aa5f59a6.png,2025,E,perGame
128,20.0,4.0,15.9525,8.8,2.9,4.0,71.6%,0.6,1.0,55%,1.4,2.0,71.8%,0.9,1.4,2.4,1.0,0.2,1.2,0.3,0.2,2.6,2.3,8.8,011157,"MOTLEY, JOHNATHAN",30,https://media-cdn.cortextech.io/0a172ed5-656d-4894-811a-8794788bf5f2.png,HTA,HTA,Hapoel Tel Aviv,https://media-cdn.incrowdsports.com/cbb1c3ad-03d5-426a-b5ef-2832a4eee484.png,2025,E,perGame
129,21.0,15.0,21.400793650793652,6.9,2.1,3.5,61.6%,0.7,2.0,33.3%,0.6,0.7,80%,1.5,2.5,4.0,2.0,0.5,1.5,0.2,0.4,1.5,1.6,8.9,010393,"PRADILLA, JAIME",24,https://media-cdn.cortextech.io/8030bf2e-bd4a-4d04-9cb4-44d44653b5c7.png,PAM,VBC,Valencia Basket,https://media-cdn.cortextech.io/d88f3c71-1519-4b19-8cfb-99e26a4c008e.png,2025,E,perGame
130,20.0,5.0,18.508333333333333,7.9,1.3,1.9,68.4%,1.5,3.7,40.5%,0.8,1.6,50%,1.0,3.2,4.2,0.9,0.6,0.9,0.6,0.0,1.8,1.1,9.0,010444,"COSTELLO, MATTHEW",32,https://media-cdn.cortextech.io/daa41d29-1915-4021-b276-aff41df0b04b.png,PAM,VBC,Valencia Basket,https://media-cdn.cortextech.io/d88f3c71-1519-4b19-8cfb-99e26a4c008e.png,2025,E,perGame
131,19.0,9.0,18.336842105263155,7.2,2.8,4.9,57.4%,0.0,0.0,0%,1.5,2.1,72.5%,1.6,2.4,4.1,1.1,0.4,1.4,0.6,0.3,2.3,2.4,9.1,013374,"DIOUF, MOUHAMET",24,https://media-cdn.cortextech.io/b66cdc05-d0ad-4ffd-9cc7-11a8748b1768.png,VIR,VIR,Virtus Bologna,https://media-cdn.cortextech.io/1362801d-dd09-4fd0-932d-ead56063ab77.png,2025,E,perGame
132,16.0,13.0,21.291666666666668,9.9,3.1,4.8,64.9%,0.8,3.3,24.5%,1.2,1.4,86.4%,0.4,1.1,1.4,3.1,0.6,1.5,0.2,0.3,2.2,2.2,9.1,014152,"SIMMONS, KOBI",28,https://media-cdn.cortextech.io/61bf398e-c801-4969-b965-7f0d3eba8c63.png,BAS,KBA,Baskonia Vitoria-Gasteiz,https://media-cdn.cortextech.io/cbc49cb0-99ce-4462-bdb7-56983ee03cf4.png,2025,E,perGame
133,21.0,14.0,18.807936507936507,9.4,2.0,3.0,66.7%,1.3,3.1,41.5%,1.6,2.3,67.3%,1.0,2.3,3.2,0.3,0.5,0.6,0.8,0.1,2.8,2.0,9.2,012738,"REUVERS, NATHAN",27,https://media-cdn.cortextech.io/cdf75307-79da-4e91-943a-74b02e44b8e8.png,PAM,VBC,Valencia Basket,https://media-cdn.cortextech.io/d88f3c71-1519-4b19-8cfb-99e26a4c008e.png,2025,E,perGame
134,20.0,10.0,20.410833333333333,7.1,1.2,2.3,54.3%,1.3,3.7,35.1%,0.7,1.0,70%,0.2,2.1,2.4,4.4,1.4,1.4,0.0,0.3,2.2,1.6,9.2,007947,"VILDOZA, LUCA",30,https://media-cdn.cortextech.io/45cd50c3-c3b7-4cf6-92ee-f7955216e2da.png,VIR,VIR,Virtus Bologna,https://media-cdn.cortextech.io/1362801d-dd09-4fd0-932d-ead56063ab77.png,2025,E,perGame
135,21.0,13.0,20.81825396825397,12.5,3.2,6.7,47.9%,1.5,5.2,28.4%,1.7,2.1,77.8%,0.7,3.0,3.7,1.9,0.8,1.4,0.0,0.5,1.6,1.9,9.6,003108,"HEZONJA, MARIO",30,https://media-cdn.cortextech.io/c415b3ab-6a2d-4ff4-8504-5119fca3c9f6.png,MAD,RMB,Real Madrid,https://media-cdn.incrowdsports.com/371b0d9b-9250-4c09-bda7-0686cf024657.png,2025,E,perGame
136,21.0,11.0,22.31984126984127,8.1,1.0,2.3,45.8%,1.5,3.5,42.5%,1.6,2.1,77.3%,0.3,1.4,1.7,3.3,0.8,1.7,0.0,0.2,1.8,3.0,9.6,008099,"STRAZEL, MATTHEW",23,https://media-cdn.cortextech.io/62264af8-6ced-4c06-9917-b872092fe532.png,MCO,ASM,AS Monaco,https://media-cdn.incrowdsports.com/89ed276a-2ba3-413f-8ea2-b3be209ca129.png,2025,E,perGame
137,21.0,8.0,15.075396825396824,7.3,2.4,4.4,54.8%,0.0,0.1,33.3%,2.3,3.5,66.2%,1.7,3.0,4.8,0.4,0.3,1.0,0.5,0.5,2.2,3.4,9.7,003196,"HERNANGOMEZ, WILLY",31,https://media-cdn.cortextech.io/2b0a03c6-90ec-400a-8b01-6c4c8c234234.png,BAR,BAR,FC Barcelona,https://media-cdn.incrowdsports.com/35dfa503-e417-481f-963a-bdf6f013763e.png,2025,E,perGame
138,19.0,10.0,19.478070175438596,9.1,3.4,5.8,58.6%,0.3,0.8,33.3%,1.4,1.8,79.4%,1.4,1.7,3.1,1.3,0.9,1.1,0.3,0.1,2.2,1.7,9.7,000925,"VESELY, JAN",35,https://media-cdn.cortextech.io/7dff7151-19e6-44b3-ab0c-214861899ad0.png,BAR,BAR,FC Barcelona,https://media-cdn.incrowdsports.com/35dfa503-e417-481f-963a-bdf6f013763e.png,2025,E,perGame
139,11.0,9.0,23.065151515151516,11.7,1.9,3.8,50%,1.5,4.8,30.2%,3.5,4.4,81.2%,0.4,1.6,2.0,2.9,0.3,2.5,0.2,0.0,2.8,4.2,9.8,014162,"DINWIDDIE, SPENCER",32,https://media-cdn.cortextech.io/fe9bce7b-1731-4d27-bb83-60b8d352e92c.png,MUN,BAY,FC Bayern Munich,https://media-cdn.incrowdsports.com/817b0e58-d595-4b09-ab0b-1e7cc26249ff.png,2025,E,perGame
140,20.0,11.0,23.180833333333332,6.6,1.2,2.6,46.2%,1.4,3.0,45.8%,0.2,0.6,27.3%,1.6,4.0,5.7,1.6,1.0,1.0,0.4,0.1,3.0,2.0,9.8,002849,"MELLI, NICOLO",34,https://media-cdn.cortextech.io/101176a1-0695-40e3-a635-b6ed80d17e6e.png,ULK,FBB,Fenerbahce Beko Istanbul,https://media-cdn.cortextech.io/3b7f020e-5b39-49a1-b4b2-efea918edab7.png,2025,E,perGame
141,21.0,5.0,19.996825396825397,6.6,2.7,3.8,71.2%,0.0,0.2,25%,1.0,1.2,80.8%,1.7,2.8,4.5,1.7,0.7,1.4,0.3,0.2,2.3,1.6,9.9,012687,"NIANG, SALIOU",21,https://media-cdn.cortextech.io/47b8b387-3dc3-4bd2-8df8-fc983bb1ea94.png,VIR,VIR,Virtus Bologna,https://media-cdn.cortextech.io/1362801d-dd09-4fd0-932d-ead56063ab77.png,2025,E,perGame
142,13.0,10.0,23.88076923076923,8.0,2.2,2.8,78.4%,1.0,3.5,28.3%,0.5,1.0,53.8%,0.9,3.8,4.8,1.5,0.3,0.9,0.1,0.1,0.8,0.8,10.0,007230,"SEDEKERSKIS, TADAS",27,https://media-cdn.cortextech.io/06b5ca08-62cf-4401-96f6-1b8aca1750e5.png,BAS,KBA,Baskonia Vitoria-Gasteiz,https://media-cdn.cortextech.io/cbc49cb0-99ce-4462-bdb7-56983ee03cf4.png,2025,E,perGame
143,20.0,3.0,20.106666666666666,9.6,2.4,4.4,55.1%,1.2,3.2,36.9%,1.0,1.3,80.8%,0.2,1.7,1.8,3.4,1.0,1.4,0.0,0.2,1.7,1.8,10.0,010568,"JONES, CHRIS",32,https://media-cdn.cortextech.io/62f1e81b-7c88-4cb1-9eb8-9054a68c2625.png,HTA,HTA,Hapoel Tel Aviv,https://media-cdn.incrowdsports.com/cbb1c3ad-03d5-426a-b5ef-2832a4eee484.png,2025,E,perGame
144,19.0,15.0,25.399122807017545,7.8,2.1,4.5,46.5%,0.7,1.8,41.2%,1.4,1.8,77.1%,0.8,1.5,2.3,4.3,0.8,1.6,0.2,0.2,2.1,2.5,10.1,012593,"ELLIS, QUINN",22,https://media-cdn.cortextech.io/52c3b65f-2faf-4727-9931-a53b8607a412.png,MIL,EA7,EA7 Emporio Armani Milan,https://media-cdn.cortextech.io/9512ee73-a0f1-4647-a01e-3c2938aba6b8.png,2025,E,perGame
145,16.0,6.0,14.446875,7.3,2.9,4.4,64.8%,0.0,0.0,0%,1.6,1.9,80.6%,1.6,2.5,4.1,0.8,0.5,0.8,0.8,0.1,2.2,1.8,10.1,005353,"YURTSEVEN, OMER",27,https://media-cdn.cortextech.io/29d995d1-2556-48d7-9870-ef5f214a4a5c.png,PAN,PAO,Panathinaikos AKTOR Athens,https://media-cdn.incrowdsports.com/e3dff28a-9ec6-4faf-9d96-ecbc68f75780.png,2025,E,perGame
146,20.0,19.0,25.664166666666667,9.8,2.2,4.0,54.4%,1.2,3.7,31.1%,2.1,2.4,89.4%,1.0,2.0,3.0,2.9,0.6,1.6,0.0,0.2,2.4,2.6,10.2,011205,"HALL, DEVON",30,https://media-cdn.cortextech.io/691073bc-264c-4124-93e8-82c09abb8d5a.png,ULK,FBB,Fenerbahce Beko Istanbul,https://media-cdn.cortextech.io/3b7f020e-5b39-49a1-b4b2-efea918edab7.png,2025,E,perGame
147,21.0,8.0,23.848412698412698,7.6,2.6,3.8,67.5%,0.4,2.1,18.2%,1.3,2.5,53.8%,2.0,3.0,5.0,1.2,1.0,1.3,1.4,0.1,2.3,1.7,10.2,012731,"NDIAYE, MBAYE",26,https://media-cdn.cortextech.io/f5a73145-a679-43f2-992b-3caaeb9ac9cc.png,ASV,ASV,LDLC ASVEL Villeurbanne,https://media-cdn.incrowdsports.com/e33c6d1a-95ca-4dbc-b8cb-0201812104cc.png,2025,E,perGame
148,20.0,7.0,21.398333333333333,14.4,3.0,6.1,48.4%,2.2,5.7,38.6%,1.8,2.3,80.4%,0.2,1.2,1.4,2.4,0.6,1.6,0.0,0.7,2.2,3.2,10.2,013370,"WASHINGTON, DUANE",25,https://media-cdn.cortextech.io/0a809d60-836f-43a3-b73e-646935e87e78.png,PAR,PAR,Partizan Mozzart Bet Belgrade,https://media-cdn.incrowdsports.com/2681304e-77dd-4331-88b1-683078c0fb49.png,2025,E,perGame
149,12.0,10.0,19.37361111111111,7.9,3.2,5.6,58.2%,0.0,0.0,0%,1.4,2.3,60.7%,2.8,3.5,6.3,0.6,0.4,1.7,1.1,0.2,2.9,2.1,10.4,011284,"FARIED, KENNETH",36,https://media-cdn.cortextech.io/fbabd4a4-b08e-456e-b82a-c31a44ca371a.png,PAN,PAO,Panathinaikos AKTOR Athens,https://media-cdn.incrowdsports.com/e3dff28a-9ec6-4faf-9d96-ecbc68f75780.png,2025,E,perGame
150,19.0,2.0,22.319298245614036,9.5,1.3,2.5,50%,1.5,3.9,37.3%,2.6,2.9,87.5%,0.5,2.9,3.4,3.3,0.5,2.5,0.1,0.3,2.4,2.9,10.4,004004,"GUDURIC, MARKO",30,https://media-cdn.cortextech.io/ac49a13d-0aaa-4ce6-9fda-1292739525ca.png,MIL,EA7,EA7 Emporio Armani Milan,https://media-cdn.cortextech.io/9512ee73-a0f1-4647-a01e-3c2938aba6b8.png,2025,E,perGame
151,14.0,4.0,19.70952380952381,12.4,2.8,4.9,57.4%,1.7,4.6,36.9%,1.7,2.1,80%,0.5,1.6,2.1,3.7,0.6,1.9,0.0,0.5,2.7,2.1,10.4,014163,"BUTLER, JARED",25,https://media-cdn.cortextech.io/926f8dbb-c1ff-46cc-a86e-3a68f78a11f9.png,RED,CZV,Crvena Zvezda Meridianbet Belgrade,https://media-cdn.incrowdsports.com/d2eef4a8-62df-4fdd-9076-276004268515.png,2025,E,perGame
152,20.0,17.0,22.355833333333333,8.6,2.8,4.8,57.3%,0.4,1.8,22.9%,1.8,2.2,84.1%,1.7,2.4,4.1,1.1,0.4,1.0,0.2,0.2,2.0,3.0,10.4,007056,"BOOKER, DEVIN",34,https://media-cdn.cortextech.io/ea98130c-13f1-4e0b-b8d9-353132cd5816.png,MIL,EA7,EA7 Emporio Armani Milan,https://media-cdn.cortextech.io/9512ee73-a0f1-4647-a01e-3c2938aba6b8.png,2025,E,perGame
153,20.0,19.0,24.148333333333333,17.7,3.5,7.9,44.3%,2.7,7.9,34.2%,2.6,3.2,81.2%,0.2,2.1,2.4,1.7,0.8,2.6,0.0,1.3,1.9,3.8,10.5,011987,"EDWARDS, CARSEN",27,https://media-cdn.cortextech.io/1f0da376-0fcd-4071-88cc-d7dc6ac40243.png,VIR,VIR,Virtus Bologna,https://media-cdn.cortextech.io/1362801d-dd09-4fd0-932d-ead56063ab77.png,2025,E,perGame
154,15.0,3.0,18.325555555555557,7.7,1.5,2.7,55%,1.1,2.8,40.5%,1.3,1.6,83.3%,1.6,3.0,4.6,1.3,0.5,0.7,0.3,0.3,1.5,1.7,10.5,009664,"WILLIS, DEREK",30,https://media-cdn.cortextech.io/82d66d17-bc9a-4994-8a8f-c59b5db9df70.png,PRS,PBB,Paris Basketball,https://media-cdn.incrowdsports.com/a033e5b3-0de7-48a3-98d9-d9a4b9df1f39.png,2025,E,perGame
155,20.0,18.0,27.148333333333333,11.0,2.6,4.7,56.4%,1.0,3.6,28.8%,2.5,3.0,84.7%,0.7,2.5,3.2,1.9,0.9,1.6,0.3,0.4,2.4,2.8,10.6,009549,"CORDINIER, ISAIA",29,https://media-cdn.cortextech.io/b9885dd5-53ca-4f41-96f7-4b7f1c8c4d5a.png,IST,EFS,Anadolu Efes Istanbul,https://media-cdn.cortextech.io/9a463aa2-ceb2-481c-9a95-1cddee0a248e.png,2025,E,perGame
156,21.0,21.0,24.549206349206347,7.2,1.1,2.4,47.1%,1.3,2.9,46.7%,0.9,1.3,70.4%,0.9,2.6,3.5,4.4,0.7,1.7,0.1,0.2,2.0,1.7,10.6,002939,"SATORANSKY, TOMAS",34,https://media-cdn.cortextech.io/8bc8bebe-90c0-4d43-8340-2210a16a5d1f.png,BAR,BAR,FC Barcelona,https://media-cdn.incrowdsports.com/35dfa503-e417-481f-963a-bdf6f013763e.png,2025,E,perGame
157,21.0,21.0,28.46825396825397,13.6,3.1,5.4,57.9%,2.0,5.3,38.4%,1.2,1.4,83.3%,0.5,2.0,2.5,2.3,0.8,1.9,0.2,0.6,2.0,1.7,10.8,012720,"BROWN, STERLING",30,https://media-cdn.cortextech.io/7e089e46-481e-44e5-9fa0-192215101609.png,PAR,PAR,Partizan Mozzart Bet Belgrade,https://media-cdn.incrowdsports.com/2681304e-77dd-4331-88b1-683078c0fb49.png,2025,E,perGame
158,20.0,20.0,23.253333333333334,8.6,2.0,3.5,58.6%,0.8,2.6,32.1%,2.0,2.3,84.8%,1.0,3.0,4.0,1.4,0.4,0.8,0.1,0.2,1.8,2.8,10.8,001288,"LUCIC, VLADIMIR",36,https://media-cdn.cortextech.io/c1901dfd-8e25-4833-a576-ac4ab82d75a6.png,MUN,BAY,FC Bayern Munich,https://media-cdn.incrowdsports.com/817b0e58-d595-4b09-ab0b-1e7cc26249ff.png,2025,E,perGame
159,20.0,15.0,22.243333333333332,10.6,2.6,4.8,53.7%,1.4,3.1,46.8%,1.2,1.6,74.2%,0.9,3.2,4.2,1.6,0.8,1.2,0.2,0.1,3.1,2.3,10.9,011836,"MIKE, ISIAHA",28,https://media-cdn.cortextech.io/ecbfbe3b-017a-4082-b76b-5ad895a1b047.png,MUN,BAY,FC Bayern Munich,https://media-cdn.incrowdsports.com/817b0e58-d595-4b09-ab0b-1e7cc26249ff.png,2025,E,perGame
160,20.0,5.0,17.919166666666666,9.2,1.6,3.0,53.3%,1.4,2.8,51.8%,1.6,1.8,94.3%,0.8,2.2,3.1,0.9,0.6,0.7,0.4,0.2,1.1,1.6,11.0,009783,"COLSON, BONZIE",29,https://media-cdn.cortextech.io/3fa1da27-0721-4274-9d43-26910bec0f2d.png,ULK,FBB,Fenerbahce Beko Istanbul,https://media-cdn.cortextech.io/3b7f020e-5b39-49a1-b4b2-efea918edab7.png,2025,E,perGame
161,21.0,2.0,18.811111111111114,13.4,2.1,3.5,60.8%,2.0,5.0,40.6%,3.0,3.4,87.3%,0.1,1.0,1.1,1.9,0.4,1.2,0.0,0.6,1.8,2.8,11.1,012585,"MORGAN, MATTHEW",28,https://media-cdn.cortextech.io/0f6439c0-63e8-4e10-b141-3c464a1fd4cd.png,VIR,VIR,Virtus Bologna,https://media-cdn.cortextech.io/1362801d-dd09-4fd0-932d-ead56063ab77.png,2025,E,perGame
162,20.0,18.0,25.475833333333334,11.6,3.3,5.9,55.9%,1.0,2.6,41.2%,1.8,2.4,75%,1.2,3.0,4.2,1.7,0.6,2.4,0.2,0.4,2.8,3.2,11.4,012710,"OSMANI, ERCAN",27,https://media-cdn.cortextech.io/dee92a82-6870-48dc-8b39-9f8250620951.png,IST,EFS,Anadolu Efes Istanbul,https://media-cdn.cortextech.io/9a463aa2-ceb2-481c-9a95-1cddee0a248e.png,2025,E,perGame
163,20.0,10.0,25.622500000000002,14.2,1.4,2.8,50.9%,3.0,7.8,39.4%,2.2,2.4,91.5%,0.2,1.6,1.8,1.4,0.4,1.4,0.0,0.3,1.0,2.6,11.6,004508,"OBST, ANDREAS",29,https://media-cdn.cortextech.io/d3d714e5-0b66-497b-afbd-2587ac9e856c.png,MUN,BAY,FC Bayern Munich,https://media-cdn.incrowdsports.com/817b0e58-d595-4b09-ab0b-1e7cc26249ff.png,2025,E,perGame
164,21.0,10.0,24.4,11.6,3.0,6.4,46.7%,1.1,3.3,34.3%,2.2,2.6,83.6%,0.2,2.0,2.2,4.5,0.9,1.5,0.0,0.2,2.4,2.5,11.6,011212,"OKOBO, ELIE",28,https://media-cdn.cortextech.io/945e4816-92ca-4aa8-a1bc-cae52d78eb78.png,MCO,ASM,AS Monaco,https://media-cdn.incrowdsports.com/89ed276a-2ba3-413f-8ea2-b3be209ca129.png,2025,E,perGame
165,20.0,1.0,16.293333333333333,7.0,2.7,3.7,73%,0.0,0.0,0%,1.6,2.1,73.8%,2.0,2.9,4.8,0.8,0.4,0.6,1.0,0.1,1.9,1.9,11.7,011196,"HALL, DONTA",28,https://media-cdn.cortextech.io/0d150885-9a59-4287-8f10-dfea2434ace6.png,OLY,OLY,Olympiacos Piraeus,https://media-cdn.incrowdsports.com/789423ac-3cdf-4b89-b11c-b458aa5f59a6.png,2025,E,perGame
166,20.0,1.0,21.983333333333334,13.8,2.2,4.2,54.2%,2.2,5.2,42.7%,2.8,3.1,88.7%,0.6,1.8,2.4,0.9,0.5,1.0,0.4,0.7,1.2,2.0,12.0,013402,"BLAKENEY, ANTONIO",29,https://media-cdn.cortextech.io/ea09b983-45e0-4140-a486-085bfe2cc4f6.png,HTA,HTA,Hapoel Tel Aviv,https://media-cdn.incrowdsports.com/cbb1c3ad-03d5-426a-b5ef-2832a4eee484.png,2025,E,perGame
167,21.0,13.0,25.736507936507937,14.2,3.1,6.4,48.5%,1.9,5.0,37.7%,2.3,2.7,85.7%,0.5,1.9,2.3,2.9,0.8,1.5,0.0,0.4,2.6,3.0,12.0,014013,"WATSON, GLYNN",28,https://media-cdn.cortextech.io/8b123b47-d7a0-47ea-b91d-1514ef1e87b0.png,ASV,ASV,LDLC ASVEL Villeurbanne,https://media-cdn.incrowdsports.com/e33c6d1a-95ca-4dbc-b8cb-0201812104cc.png,2025,E,perGame
168,18.0,17.0,23.896296296296295,12.4,2.7,4.8,55.8%,1.7,4.9,34.1%,2.1,2.3,90.5%,0.1,2.1,2.2,3.9,0.7,2.4,0.0,0.4,2.4,3.4,12.0,002580,"MICIC, VASILIJE",31,https://media-cdn.cortextech.io/2ae4c8f2-6d43-4c69-afe2-e5fb7b9d79f8.png,HTA,HTA,Hapoel Tel Aviv,https://media-cdn.incrowdsports.com/cbb1c3ad-03d5-426a-b5ef-2832a4eee484.png,2025,E,perGame
169,21.0,14.0,20.417460317460318,10.2,2.6,5.1,51.4%,1.0,2.7,36.8%,2.0,2.7,75%,1.1,2.1,3.3,3.7,0.7,1.8,0.0,0.5,1.1,2.4,12.0,014115,"MOORE, OMARI",25,https://media-cdn.cortextech.io/e7047eb4-0342-47e6-9f1b-4b7584864d1f.png,PAM,VBC,Valencia Basket,https://media-cdn.cortextech.io/d88f3c71-1519-4b19-8cfb-99e26a4c008e.png,2025,E,perGame
170,16.0,13.0,23.951041666666665,10.9,3.2,6.5,50%,0.7,1.4,47.8%,2.4,2.8,86.4%,0.9,3.1,4.1,2.8,0.6,1.5,0.1,0.6,2.6,2.7,12.1,008985,"BOLMARO, LEANDRO",25,https://media-cdn.cortextech.io/1e179ffd-b315-4f4a-90ed-aeb356efa432.png,MIL,EA7,EA7 Emporio Armani Milan,https://media-cdn.cortextech.io/9512ee73-a0f1-4647-a01e-3c2938aba6b8.png,2025,E,perGame
171,16.0,16.0,29.436458333333334,16.1,4.1,9.1,45.2%,1.4,4.3,31.9%,3.7,4.7,78.7%,0.6,3.2,3.8,1.9,0.8,2.6,0.2,0.7,2.5,4.2,12.4,011286,"BACON, DWAYNE",30,https://media-cdn.cortextech.io/820ff618-bd11-4b19-be2a-41f9c427c44f.png,DUB,DUB,Dubai Basketball,https://media-cdn.incrowdsports.com/1efae090-16e2-4963-ae47-4b94f249c244.png,2025,E,perGame
172,13.0,12.0,22.134615384615383,12.1,4.1,7.3,55.8%,0.2,1.7,13.6%,3.2,4.7,68.9%,1.2,3.2,4.5,1.8,0.8,2.2,0.5,0.4,2.8,4.2,12.4,014086,"DIALLO, HAMIDOU",27,https://media-cdn.cortextech.io/7db7148a-0fd4-4470-ae80-0e3684a2ee54.png,BAS,KBA,Baskonia Vitoria-Gasteiz,https://media-cdn.cortextech.io/cbc49cb0-99ce-4462-bdb7-56983ee03cf4.png,2025,E,perGame
173,21.0,8.0,23.13015873015873,14.0,1.7,3.4,50.7%,3.1,6.6,46.8%,1.3,1.5,87.1%,0.9,2.7,3.5,1.4,0.7,1.1,0.4,0.4,2.1,1.5,12.4,013384,"BROOKS, ARMONI",27,https://media-cdn.cortextech.io/8c4d5e17-01aa-4f77-99b1-207d7c82d195.png,MIL,EA7,EA7 Emporio Armani Milan,https://media-cdn.cortextech.io/9512ee73-a0f1-4647-a01e-3c2938aba6b8.png,2025,E,perGame
174,14.0,14.0,20.614285714285717,12.1,4.0,7.4,54.4%,0.9,2.1,41.4%,1.6,1.8,88%,0.1,2.2,2.4,3.4,1.0,1.4,0.1,0.2,2.1,2.1,12.5,007982,"WILLIAMS-GOSS, NIGEL",31,https://media-cdn.cortextech.io/657693b6-df7a-4f83-b8d6-10c2ed158dce.png,ZAL,ZAL,Zalgiris Kaunas,https://media-cdn.incrowdsports.com/0aa09358-3847-4c4e-b228-3582ee4e536d.png,2025,E,perGame
175,21.0,16.0,21.38174603174603,11.0,3.5,5.9,59.7%,0.7,1.6,44.1%,1.8,2.4,76%,1.9,3.2,5.1,0.8,0.5,1.0,0.7,0.2,2.8,2.3,12.5,008192,"TUBELIS, AZUOLAS",23,https://media-cdn.cortextech.io/c7627328-e2bd-4989-9dd1-2abcaddf021d.png,ZAL,ZAL,Zalgiris Kaunas,https://media-cdn.incrowdsports.com/0aa09358-3847-4c4e-b228-3582ee4e536d.png,2025,E,perGame
176,21.0,15.0,25.927777777777777,8.5,1.9,3.1,59.1%,1.1,3.9,29.6%,1.4,1.9,72.5%,2.2,4.3,6.6,0.6,0.9,0.5,0.3,0.2,1.0,2.0,12.7,012712,"HERNANGOMEZ, JUANCHO",30,https://media-cdn.cortextech.io/12459ba1-e2c3-4832-95de-3fbe43770024.png,PAN,PAO,Panathinaikos AKTOR Athens,https://media-cdn.incrowdsports.com/e3dff28a-9ec6-4faf-9d96-ecbc68f75780.png,2025,E,perGame
177,19.0,1.0,18.035087719298247,9.4,3.4,5.3,64%,0.3,0.6,41.7%,1.8,2.2,83.3%,2.1,2.8,4.8,1.1,0.4,0.5,0.5,0.1,1.8,1.6,12.7,014012,"LEAF, TJ",28,https://media-cdn.cortextech.io/22442c98-f16f-4f19-ba82-b09e8aa7b367.png,TEL,MTA,Maccabi Rapyd Tel Aviv,https://media-cdn.cortextech.io/1b533342-78f5-4932-b714-a7d80b5826b5.png,2025,E,perGame
178,20.0,20.0,20.8375,10.0,3.5,4.6,76.1%,0.4,1.5,30%,1.6,2.2,75%,1.6,3.6,5.3,0.7,0.4,0.9,0.8,0.1,3.0,2.4,12.8,004132,"THEIS, DANIEL",33,https://media-cdn.cortextech.io/b5d71c9e-747c-45b6-9543-ac4fa79b35e2.png,MCO,ASM,AS Monaco,https://media-cdn.incrowdsports.com/89ed276a-2ba3-413f-8ea2-b3be209ca129.png,2025,E,perGame
179,20.0,4.0,21.28666666666667,9.9,1.8,4.1,45.1%,1.2,3.6,35.2%,2.4,2.8,89.1%,0.6,1.7,2.3,5.6,0.8,0.9,0.0,0.6,2.2,2.9,13.0,001926,"SLOUKAS, KOSTAS",35,https://media-cdn.cortextech.io/0a26c0f0-41a7-4ffc-8de1-e7cecbcc8338.png,PAN,PAO,Panathinaikos AKTOR Athens,https://media-cdn.incrowdsports.com/e3dff28a-9ec6-4faf-9d96-ecbc68f75780.png,2025,E,perGame
180,21.0,17.0,22.973809523809525,11.6,2.5,4.0,61.2%,1.6,4.0,41%,1.8,2.0,88.1%,0.5,3.4,4.0,1.7,0.8,1.5,0.3,0.3,2.0,2.5,13.0,011217,"TAYLOR, KAMERON",31,https://media-cdn.cortextech.io/ada7d8f8-abd5-4d14-9565-f537659a98f6.png,PAM,VBC,Valencia Basket,https://media-cdn.cortextech.io/d88f3c71-1519-4b19-8cfb-99e26a4c008e.png,2025,E,perGame
181,12.0,3.0,20.30138888888889,10.0,3.6,5.1,70.5%,0.0,0.0,0%,2.8,4.3,65.4%,1.9,2.8,4.8,0.5,0.1,1.0,0.8,0.5,1.7,3.1,13.1,011199,"NEBO, JOSH",28,https://media-cdn.cortextech.io/2d5f84ef-ad28-4415-96b2-685be51d4a2f.png,MIL,EA7,EA7 Emporio Armani Milan,https://media-cdn.cortextech.io/9512ee73-a0f1-4647-a01e-3c2938aba6b8.png,2025,E,perGame
182,18.0,16.0,22.362962962962964,15.3,2.6,5.2,48.9%,2.4,6.8,35.2%,3.0,4.2,72%,0.3,2.3,2.6,2.3,0.9,1.4,0.3,0.1,1.8,3.4,13.2,013403,"WALKER IV, LONNIE",27,https://media-cdn.cortextech.io/596dc864-a996-4d21-8131-ea85deb006b7.png,TEL,MTA,Maccabi Rapyd Tel Aviv,https://media-cdn.cortextech.io/1b533342-78f5-4932-b714-a7d80b5826b5.png,2025,E,perGame
183,17.0,14.0,27.061764705882354,13.4,2.2,4.2,53.5%,2.0,4.8,42%,2.9,3.6,80.3%,0.5,3.1,3.5,1.2,0.7,0.9,0.1,0.3,2.4,3.4,13.3,004088,"OSMAN, CEDI",30,https://media-cdn.cortextech.io/dd9f197a-73d3-4d91-a3d5-63b9d7fe0bcc.png,PAN,PAO,Panathinaikos AKTOR Athens,https://media-cdn.incrowdsports.com/e3dff28a-9ec6-4faf-9d96-ecbc68f75780.png,2025,E,perGame
184,18.0,17.0,23.302777777777777,14.3,4.4,7.6,58.1%,0.8,2.9,26.9%,3.2,4.3,74%,0.9,2.9,3.8,1.4,0.7,1.8,0.5,0.7,2.6,4.2,13.4,014124,"HORTON TUCKER, TALEN",25,https://media-cdn.cortextech.io/286f23c5-49f8-4ae7-b54d-c9bbe5e3f3e0.png,ULK,FBB,Fenerbahce Beko Istanbul,https://media-cdn.cortextech.io/3b7f020e-5b39-49a1-b4b2-efea918edab7.png,2025,E,perGame
185,21.0,8.0,20.442063492063493,11.0,2.2,3.8,58.2%,1.8,4.4,39.8%,1.3,1.6,84.8%,1.2,1.5,2.7,4.1,1.1,1.2,0.4,0.1,1.9,1.9,13.5,011078,"THOMPSON, DARIUS",30,https://media-cdn.cortextech.io/881d7dbd-8ffa-4eef-ba14-e0ea68c1be29.png,PAM,VBC,Valencia Basket,https://media-cdn.cortextech.io/d88f3c71-1519-4b19-8cfb-99e26a4c008e.png,2025,E,perGame
186,21.0,21.0,30.01904761904762,13.3,3.1,5.9,52.4%,1.9,5.7,32.8%,1.5,2.7,57.1%,0.7,3.5,4.2,6.3,1.0,3.0,0.0,0.6,2.5,2.6,13.5,009048,"MILLER-MCINTYRE, CODI",31,https://media-cdn.cortextech.io/be4091ef-8325-4cc1-b7f9-d8e71b0f732d.png,RED,CZV,Crvena Zvezda Meridianbet Belgrade,https://media-cdn.incrowdsports.com/d2eef4a8-62df-4fdd-9076-276004268515.png,2025,E,perGame
187,18.0,18.0,27.422222222222224,12.8,2.5,4.9,51.1%,1.8,5.4,33.7%,2.3,2.8,84%,0.7,3.1,3.8,2.9,0.9,1.2,0.1,0.3,1.8,2.8,13.6,007831,"SHIELDS, SHAVON",31,https://media-cdn.cortextech.io/fb96bfde-ab98-4253-9fd6-d3ea23b536fa.png,MIL,EA7,EA7 Emporio Armani Milan,https://media-cdn.cortextech.io/9512ee73-a0f1-4647-a01e-3c2938aba6b8.png,2025,E,perGame
188,11.0,6.0,24.05151515151515,9.7,2.7,5.2,52.6%,0.5,2.2,20.8%,2.9,3.5,84.2%,0.7,2.5,3.2,5.3,0.6,1.6,0.4,0.5,1.7,3.0,13.6,013367,"FORREST, TRENT",27,https://media-cdn.cortextech.io/a329afc2-80e5-4cee-a08d-34c5d734cb3e.png,BAS,KBA,Baskonia Vitoria-Gasteiz,https://media-cdn.cortextech.io/cbc49cb0-99ce-4462-bdb7-56983ee03cf4.png,2025,E,perGame
189,21.0,18.0,21.862698412698414,12.8,4.5,7.6,59.4%,0.5,1.9,27.5%,2.1,2.7,80.4%,1.4,2.4,3.8,1.8,0.4,1.2,0.9,0.5,2.1,3.0,13.7,011219,"SORKIN, ROMAN",29,https://media-cdn.cortextech.io/3b33706b-7e4e-4914-a4ff-074e7ffb43e1.png,TEL,MTA,Maccabi Rapyd Tel Aviv,https://media-cdn.cortextech.io/1b533342-78f5-4932-b714-a7d80b5826b5.png,2025,E,perGame
190,21.0,11.0,27.1031746031746,9.3,2.6,4.2,61.4%,0.6,2.2,28.3%,2.3,2.9,80.3%,1.7,4.0,5.6,1.1,1.0,1.0,0.5,0.1,2.0,3.1,13.8,006760,"BONGA, ISAAC",26,https://media-cdn.cortextech.io/a838b518-6e96-4482-b67f-90f52f979588.png,PAR,PAR,Partizan Mozzart Bet Belgrade,https://media-cdn.incrowdsports.com/2681304e-77dd-4331-88b1-683078c0fb49.png,2025,E,perGame
190,21.0,6.0,19.62936507936508,11.3,2.2,3.6,60.5%,1.4,3.7,37.2%,2.8,3.4,81.9%,0.9,3.3,4.2,1.6,0.9,0.7,0.4,0.1,2.2,2.9,13.8,000796,"MIROTIC, NIKOLA",34,https://media-cdn.cortextech.io/14a40cc3-7032-4b61-937f-fe2d2cd2001b.png,MCO,ASM,AS Monaco,https://media-cdn.incrowdsports.com/89ed276a-2ba3-413f-8ea2-b3be209ca129.png,2025,E,perGame
192,18.0,3.0,19.29537037037037,11.7,2.5,4.3,58.4%,0.8,2.6,31.9%,4.2,4.8,87.2%,0.3,1.5,1.8,3.0,0.8,1.4,0.0,0.3,1.6,4.1,13.9,007027,"MALEDON, THEO",24,https://media-cdn.cortextech.io/3a8b14b1-12d8-4d17-a3f2-ad7db16f6822.png,MAD,RMB,Real Madrid,https://media-cdn.incrowdsports.com/371b0d9b-9250-4c09-bda7-0686cf024657.png,2025,E,perGame
193,16.0,9.0,20.390625,12.3,1.8,4.2,42.6%,1.6,5.3,30.6%,3.8,4.1,93.8%,0.8,2.1,2.9,3.8,1.1,1.4,0.2,0.4,1.4,3.6,14.1,010042,"MONTERO, JEAN",22,https://media-cdn.cortextech.io/1f77a5c9-ccef-4bda-b0e8-11e4f1a8d9d8.png,PAM,VBC,Valencia Basket,https://media-cdn.cortextech.io/d88f3c71-1519-4b19-8cfb-99e26a4c008e.png,2025,E,perGame
194,21.0,21.0,26.835714285714282,15.1,3.0,6.1,48.8%,2.0,4.9,40.8%,3.1,3.5,89.2%,0.4,1.3,1.8,3.1,1.2,1.7,0.0,0.4,1.4,3.0,14.2,009862,"PUNTER, KEVIN",32,https://media-cdn.cortextech.io/139997de-48ae-4035-9c35-75b504c82992.png,BAR,BAR,FC Barcelona,https://media-cdn.incrowdsports.com/35dfa503-e417-481f-963a-bdf6f013763e.png,2025,E,perGame
195,21.0,21.0,30.964285714285715,9.3,1.2,2.2,54.3%,1.8,4.4,40.9%,1.5,1.9,77.5%,1.0,3.0,4.1,5.1,1.6,1.4,0.1,0.1,2.8,2.5,14.3,010391,"WEILER-BABB, NICK",30,https://media-cdn.cortextech.io/e23682a9-5374-4706-b343-36f49f61236d.png,IST,EFS,Anadolu Efes Istanbul,https://media-cdn.cortextech.io/9a463aa2-ceb2-481c-9a95-1cddee0a248e.png,2025,E,perGame
196,21.0,21.0,27.473809523809525,12.5,3.6,5.9,61.3%,1.0,2.7,37.5%,2.3,2.8,81.4%,1.3,2.7,4.0,1.6,1.7,1.2,0.3,0.7,2.6,3.2,14.4,011226,"DIALLO, ALPHA",28,https://media-cdn.cortextech.io/62623d1f-4407-49ac-a0a8-5924cc103e8a.png,MCO,ASM,AS Monaco,https://media-cdn.incrowdsports.com/89ed276a-2ba3-413f-8ea2-b3be209ca129.png,2025,E,perGame
197,18.0,4.0,18.716666666666665,15.1,2.8,5.9,48.1%,1.7,4.8,36%,4.3,5.1,83.7%,0.3,1.3,1.6,4.3,0.7,2.3,0.0,0.4,2.1,4.6,14.6,014008,"ROBINSON, JUSTIN",28,https://media-cdn.cortextech.io/37224ff3-e0d3-48a2-b1a0-fb72065b24f8.png,PRS,PBB,Paris Basketball,https://media-cdn.incrowdsports.com/a033e5b3-0de7-48a3-98d9-d9a4b9df1f39.png,2025,E,perGame
198,14.0,14.0,24.032142857142855,12.3,2.4,4.6,50.8%,1.4,2.9,46.3%,3.5,4.4,80.3%,0.9,3.0,3.9,0.9,0.7,1.2,0.4,0.1,1.4,4.0,14.6,008987,"LEDAY, ZACH",31,https://media-cdn.cortextech.io/2ba1fc70-da04-4497-83bc-7ff3bc0f3c08.png,MIL,EA7,EA7 Emporio Armani Milan,https://media-cdn.cortextech.io/9512ee73-a0f1-4647-a01e-3c2938aba6b8.png,2025,E,perGame
199,21.0,14.0,24.577777777777776,12.1,1.5,3.0,49.2%,2.2,5.1,42.6%,2.6,3.0,85.9%,0.3,1.6,2.0,4.7,1.3,2.1,0.0,0.3,2.0,4.0,14.7,005928,"CAMPAZZO, FACUNDO",34,https://media-cdn.cortextech.io/c5274543-662b-4958-b6fa-3bf42b944255.png,MAD,RMB,Real Madrid,https://media-cdn.incrowdsports.com/371b0d9b-9250-4c09-bda7-0686cf024657.png,2025,E,perGame
200,21.0,8.0,20.58968253968254,12.1,4.6,7.0,65.5%,0.2,0.8,31.2%,2.1,3.0,72.6%,2.2,3.3,5.5,0.7,0.6,1.5,0.8,0.4,1.9,2.6,14.8,012878,"WRIGHT, MOSES",27,https://media-cdn.cortextech.io/9c4e7b10-e94e-4335-bec1-99979d42f096.png,ZAL,ZAL,Zalgiris Kaunas,https://media-cdn.incrowdsports.com/0aa09358-3847-4c4e-b228-3582ee4e536d.png,2025,E,perGame
201,21.0,21.0,23.27777777777778,9.3,3.4,5.1,66.7%,0.0,0.0,0%,2.4,3.3,72.9%,2.3,4.3,6.6,0.4,0.5,1.5,1.9,0.2,2.5,3.5,15.3,005791,"TAVARES, WALTER",33,https://media-cdn.cortextech.io/90f9344a-3a6f-406e-bd33-8218abd2e8f6.png,MAD,RMB,Real Madrid,https://media-cdn.incrowdsports.com/371b0d9b-9250-4c09-bda7-0686cf024657.png,2025,E,perGame
202,11.0,10.0,31.675757575757576,15.8,3.0,5.8,51.6%,2.4,5.6,41.9%,2.7,3.1,88.2%,0.5,1.9,2.5,4.5,0.4,2.6,0.0,0.8,1.1,3.5,15.6,007200,"LARKIN, SHANE",33,https://media-cdn.cortextech.io/8ad5b8f2-3bf2-4ae4-9a49-91160d75f3bb.png,IST,EFS,Anadolu Efes Istanbul,https://media-cdn.cortextech.io/9a463aa2-ceb2-481c-9a95-1cddee0a248e.png,2025,E,perGame
203,20.0,11.0,21.585833333333333,14.0,3.2,5.8,55.2%,1.2,3.2,36.9%,4.0,4.7,85.1%,1.2,3.6,4.9,1.5,0.6,1.4,0.7,0.5,2.0,3.4,15.8,014117,"LYLES, TREY",30,https://media-cdn.cortextech.io/934e8573-ed4a-4319-872f-e2975479c9f7.png,MAD,RMB,Real Madrid,https://media-cdn.incrowdsports.com/371b0d9b-9250-4c09-bda7-0686cf024657.png,2025,E,perGame
204,19.0,19.0,28.03333333333333,13.1,4.1,7.5,54.9%,0.6,1.6,38.7%,2.9,3.6,81.2%,2.2,4.6,6.7,1.2,0.6,0.9,0.1,0.4,1.9,2.5,15.9,006835,"HOARD, JAYLEN",26,https://media-cdn.cortextech.io/3fb1a66a-a679-4665-94d2-60192fcd7e16.png,TEL,MTA,Maccabi Rapyd Tel Aviv,https://media-cdn.cortextech.io/1b533342-78f5-4932-b714-a7d80b5826b5.png,2025,E,perGame
205,20.0,20.0,23.203333333333333,12.6,5.4,7.8,69%,0.0,0.0,0%,1.8,2.6,72.5%,2.9,3.3,6.2,1.0,0.5,1.6,1.2,0.6,2.4,2.4,16.0,012788,"OTURU, DAN",26,https://media-cdn.cortextech.io/3bdc3cf1-638b-4095-8b2b-099d31ce686b.png,HTA,HTA,Hapoel Tel Aviv,https://media-cdn.incrowdsports.com/cbb1c3ad-03d5-426a-b5ef-2832a4eee484.png,2025,E,perGame
206,19.0,18.0,21.228947368421053,13.5,4.8,7.5,63.6%,0.4,1.7,21.9%,2.8,3.5,80.6%,2.2,3.6,5.8,0.8,0.7,0.9,0.6,0.4,2.4,3.2,16.2,012796,"KABENGELE, MFIONDU",28,https://media-cdn.cortextech.io/b1711af0-81eb-4312-8f7b-606494930466.png,DUB,DUB,Dubai Basketball,https://media-cdn.incrowdsports.com/1efae090-16e2-4963-ae47-4b94f249c244.png,2025,E,perGame
207,17.0,7.0,23.605882352941176,10.6,4.4,6.6,67%,0.0,0.0,0%,1.8,2.8,64.6%,2.4,3.7,6.1,2.1,1.2,1.6,0.6,0.2,2.8,3.4,16.2,011981,"JONES, TYRIQUE",28,https://media-cdn.cortextech.io/a4d5dc10-f5f0-432a-82b0-f92a5171bea6.png,OLY;PAR,OLY;PAR,Olympiacos Piraeus;Partizan Mozzart Bet Belgrade,https://media-cdn.incrowdsports.com/789423ac-3cdf-4b89-b11c-b458aa5f59a6.png;https://media-cdn.incrowdsports.com/2681304e-77dd-4331-88b1-683078c0fb49.png,2025,E,perGame
208,20.0,19.0,28.03333333333333,17.6,3.1,5.2,59%,2.7,7.0,38.6%,3.3,4.0,82.5%,0.4,2.2,2.6,2.8,0.8,2.1,0.0,0.4,2.2,4.4,16.4,009849,"DORSEY, TYLER",29,https://media-cdn.cortextech.io/bc74ec12-71a8-425e-9ff8-e50eefec1f62.png,OLY,OLY,Olympiacos Piraeus,https://media-cdn.incrowdsports.com/789423ac-3cdf-4b89-b11c-b458aa5f59a6.png,2025,E,perGame
209,17.0,15.0,24.605882352941176,14.4,3.2,5.2,61.8%,2.1,4.6,46.2%,1.5,2.2,70.3%,0.9,3.3,4.2,1.4,1.1,1.4,0.2,0.0,1.4,3.0,16.4,004888,"CLYBURN, WILL",35,https://media-cdn.cortextech.io/26d7203d-d138-432c-8d49-16af75d6895e.png,BAR,BAR,FC Barcelona,https://media-cdn.incrowdsports.com/35dfa503-e417-481f-963a-bdf6f013763e.png,2025,E,perGame
210,17.0,15.0,25.363725490196078,13.4,3.8,6.8,56%,0.8,1.9,39.4%,3.5,4.0,86.8%,1.5,3.2,4.7,2.8,0.7,1.8,0.4,0.5,2.9,4.5,16.6,001133,"SHENGELIA, TORNIKE",34,https://media-cdn.cortextech.io/45cc5a88-23f5-4a53-9139-22ebee644841.png,BAR,BAR,FC Barcelona,https://media-cdn.incrowdsports.com/35dfa503-e417-481f-963a-bdf6f013763e.png,2025,E,perGame
211,16.0,11.0,27.340625,17.0,4.1,7.1,58.4%,1.9,5.0,38.8%,2.9,3.7,79.7%,0.5,4.1,4.6,1.3,1.4,2.4,0.4,0.2,1.9,3.5,16.9,013363,"NWORA, JORDAN",27,https://media-cdn.cortextech.io/07e28b94-3ed7-4077-bfea-0272d3bdea67.png,RED,CZV,Crvena Zvezda Meridianbet Belgrade,https://media-cdn.incrowdsports.com/d2eef4a8-62df-4fdd-9076-276004268515.png,2025,E,perGame
212,21.0,21.0,30.133333333333333,12.8,3.6,6.5,55.9%,0.6,2.1,29.5%,3.7,4.1,88.5%,0.5,2.3,2.9,6.7,1.0,1.9,0.1,0.5,2.9,3.7,17.0,012606,"WRIGHT IV, MCKINLEY",27,https://media-cdn.cortextech.io/fe4b23d9-6151-4758-a15f-0339607df198.png,DUB,DUB,Dubai Basketball,https://media-cdn.incrowdsports.com/1efae090-16e2-4963-ae47-4b94f249c244.png,2025,E,perGame
213,20.0,2.0,26.340833333333336,19.8,3.2,5.5,57.3%,3.2,7.2,44.4%,3.8,4.3,89.5%,0.6,2.8,3.4,1.7,0.8,2.0,0.2,0.4,2.8,3.4,17.1,012080,"LUWAWU-CABARROT, TIMOTHE",30,https://media-cdn.cortextech.io/96750db7-50f9-49bb-9fcc-56ed731ccce3.png,BAS,KBA,Baskonia Vitoria-Gasteiz,https://media-cdn.cortextech.io/cbc49cb0-99ce-4462-bdb7-56983ee03cf4.png,2025,E,perGame
214,20.0,1.0,25.567500000000003,15.0,4.4,8.2,53.7%,0.9,3.2,28.1%,3.4,4.8,72.6%,0.8,2.6,3.4,5.8,0.8,2.6,0.2,0.4,1.8,4.1,17.2,009863,"BALDWIN IV, WADE",29,https://media-cdn.cortextech.io/4421c271-22aa-431d-abd7-99b29a85aea6.png,ULK,FBB,Fenerbahce Beko Istanbul,https://media-cdn.cortextech.io/3b7f020e-5b39-49a1-b4b2-efea918edab7.png,2025,E,perGame
215,13.0,8.0,20.65,13.6,2.0,3.2,63.4%,1.7,4.2,40%,4.5,4.6,98.3%,0.2,1.8,2.1,4.7,1.0,2.8,0.1,0.2,1.6,4.7,17.8,002100,"DE COLO, NANDO",38,https://media-cdn.cortextech.io/28e69311-7f90-4945-b5aa-10b966772678.png,ASV,ASV,LDLC ASVEL Villeurbanne,https://media-cdn.incrowdsports.com/e33c6d1a-95ca-4dbc-b8cb-0201812104cc.png,2025,E,perGame
216,21.0,17.0,25.178571428571427,13.7,4.0,7.0,57.1%,0.4,1.0,40%,4.5,5.6,80.5%,1.5,3.9,5.4,1.6,0.7,1.2,0.6,0.4,2.2,4.6,18.0,011194,"PETRUSEV, FILIP",25,https://media-cdn.cortextech.io/e51a295f-bae6-49d2-b0a9-083e0e32666c.png,DUB,DUB,Dubai Basketball,https://media-cdn.incrowdsports.com/1efae090-16e2-4963-ae47-4b94f249c244.png,2025,E,perGame
217,19.0,16.0,23.12456140350877,20.4,3.8,8.2,46.8%,2.6,7.7,33.3%,4.9,6.1,81.7%,0.5,2.1,2.6,3.7,1.2,2.4,0.1,0.5,1.9,5.6,18.1,012640,"HIFI, NADIR",23,https://media-cdn.cortextech.io/19d44ea8-559e-4ae0-9560-af4d0d8c7fc6.png,PRS,PBB,Paris Basketball,https://media-cdn.incrowdsports.com/a033e5b3-0de7-48a3-98d9-d9a4b9df1f39.png,2025,E,perGame
218,21.0,21.0,29.73253968253968,16.4,3.9,8.4,46%,1.4,4.3,33%,4.4,5.2,84.5%,0.4,2.7,3.1,6.5,0.9,2.5,0.1,0.6,1.8,4.2,18.2,005985,"JAMES, MIKE",35,https://media-cdn.cortextech.io/feff360e-eb96-423c-9538-cc5845b0bdc7.png,MCO,ASM,AS Monaco,https://media-cdn.incrowdsports.com/89ed276a-2ba3-413f-8ea2-b3be209ca129.png,2025,E,perGame
218,21.0,17.0,29.884126984126986,19.4,5.2,8.9,58.3%,2.0,5.0,39%,3.2,3.4,93.1%,0.6,2.4,3.0,3.6,1.0,2.9,0.0,0.4,2.5,3.8,18.2,012774,"NUNN, KENDRICK",30,https://media-cdn.cortextech.io/6a45d41a-03f4-482a-b7ed-40adc56d5af8.png,PAN,PAO,Panathinaikos AKTOR Athens,https://media-cdn.incrowdsports.com/e3dff28a-9ec6-4faf-9d96-ecbc68f75780.png,2025,E,perGame
220,21.0,18.0,26.066666666666666,15.8,2.7,5.2,50.9%,2.4,5.9,41.1%,3.2,4.4,72.8%,0.5,2.5,3.0,7.0,1.0,2.8,0.3,0.5,1.9,4.7,19.3,007975,"FRANCISCO, SYLVAIN",28,https://media-cdn.cortextech.io/bab9d21f-1fbd-401a-8b26-f9b350a4c47d.png,ZAL,ZAL,Zalgiris Kaunas,https://media-cdn.incrowdsports.com/0aa09358-3847-4c4e-b228-3582ee4e536d.png,2025,E,perGame
221,20.0,20.0,29.618333333333332,15.0,3.8,6.8,56.3%,1.4,3.6,40.3%,3.1,3.4,91.2%,1.2,5.0,6.2,3.0,0.8,2.0,0.2,0.3,2.0,4.6,19.9,009846,"BRYANT, ELIJAH",30,https://media-cdn.cortextech.io/c344f0a6-f545-4bfe-b59b-61f8ccce3c0e.png,HTA,HTA,Hapoel Tel Aviv,https://media-cdn.incrowdsports.com/cbb1c3ad-03d5-426a-b5ef-2832a4eee484.png,2025,E,perGame
222,17.0,17.0,27.13823529411765,14.6,4.4,7.0,62.2%,0.4,1.5,26.9%,4.7,6.2,76.2%,2.0,5.6,7.6,2.0,1.2,1.8,0.3,0.4,2.8,4.7,20.4,012201,"MONEKE, CHIMA",30,https://media-cdn.cortextech.io/aa0efbb3-86a1-48df-8206-0aacbba5e0b4.png,RED,CZV,Crvena Zvezda Meridianbet Belgrade,https://media-cdn.incrowdsports.com/d2eef4a8-62df-4fdd-9076-276004268515.png,2025,E,perGame
223,19.0,19.0,22.92280701754386,11.2,3.9,5.6,70.8%,0.0,0.1,0%,3.3,4.1,80.5%,3.7,3.9,7.7,1.6,0.8,0.8,0.8,0.2,0.6,3.9,21.9,003941,"MILUTINOV, NIKOLA",31,https://media-cdn.cortextech.io/eaac00b9-51c3-4824-83b3-5d1c9ce00881.png,OLY,OLY,Olympiacos Piraeus,https://media-cdn.incrowdsports.com/789423ac-3cdf-4b89-b11c-b458aa5f59a6.png,2025,E,perGame
224,20.0,20.0,29.05833333333333,18.7,4.4,7.1,61.3%,1.8,4.4,39.3%,4.8,5.2,90.5%,1.7,5.2,6.8,1.4,0.4,1.2,0.1,0.2,1.0,3.4,22.7,003469,"VEZENKOV, SASHA",30,https://media-cdn.cortextech.io/9e32629d-7b41-4a3e-8506-2c7e4b92859d.png,OLY,OLY,Olympiacos Piraeus,https://media-cdn.incrowdsports.com/789423ac-3cdf-4b89-b11c-b458aa5f59a6.png,2025,E,perGame
